,elitism size,mc option,mutation prob,crossover prob,"instance 0 value, num stocks","instance 1 value, num stocks","instance 2 value, num stocks","instance 3 value, num stocks","instance 4 value, num stocks","instance 5 value, num stocks","instance 6 value, num stocks","instance 7 value, num stocks","instance 8 value, num stocks","instance 9 value, num stocks","instance 10 value, num stocks","instance 11 value, num stocks","instance 12 value, num stocks","instance 13 value, num stocks","instance 14 value, num stocks","instance 15 value, num stocks","instance 16 value, num stocks","instance 17 value, num stocks","instance 18 value, num stocks","instance 19 value, num stocks","instance 20 value, num stocks"
0,0,ILM/DHC,,,"(620, 16)","(274, 19)","(7328, 49)","(5305, 51)","(1014, 33)","(103058, 127)","(26353, 97)","(12793, 83)","(118492, 167)","(97425, 156)","(8409, 81)","(573937, 303)","(250943, 242)","(108933, 194)","(604481, 344)","(352721, 301)","(62126, 174)","(2478826, 605)","(1325641, 496)","(532945, 399)","(2758209, 694)"
1,0,DHM/ILC,,,"(720, 16)","(446, 19)","(6803, 49)","(4946, 50)","(1028, 33)","(103971, 127)","(33718, 100)","(14773, 84)","(122124, 168)","(91863, 156)","(8443, 81)","(580553, 304)","(259815, 243)","(123140, 197)","(627547, 344)","(310741, 296)","(58636, 173)","(2465161, 607)","(1149246, 486)","(587142, 401)","(2894418, 703)"
2,6,DHM/ILC,,,"(1188, 17)","(487, 19)","(6929, 49)","(6914, 52)","(1059, 33)","(97889, 126)","(25471, 97)","(13425, 82)","(118986, 168)","(108348, 158)","(8284, 81)","(572698, 303)","(238426, 240)","(104489, 195)","(543323, 339)","(363160, 301)","(59852, 174)","(2445065, 606)","(1297891, 492)","(623103, 403)","(2999531, 705)"
3,2,ILM/DHC,,,"(708, 16)","(365, 19)","(5942, 48)","(3575, 49)","(854, 33)","(97666, 126)","(32984, 99)","(12372, 82)","(99431, 163)","(81221, 152)","(7983, 80)","(573835, 303)","(240111, 240)","(99665, 194)","(633168, 345)","(341014, 298)","(48196, 172)","(2404906, 604)","(1153731, 487)","(610520, 402)","(2758898, 697)"
4,6,DHM/ILC,,,"(1194, 17)","(326, 19)","(8025, 49)","(5172, 51)","(1187, 34)","(104663, 127)","(28742, 98)","(14743, 84)","(107318, 165)","(82366, 154)","(8341, 81)","(591511, 304)","(220315, 238)","(96984, 193)","(606829, 345)","(390185, 305)","(54798, 171)","(2375681, 602)","(1426704, 499)","(576917, 400)","(2779017, 698)"
5,10,FIXED,0.15,0.7,"(618, 16)","(301, 19)","(5501, 48)","(5802, 51)","(909, 33)","(98200, 126)","(26186, 97)","(11119, 82)","(110089, 166)","(80797, 153)","(8799, 81)","(566116, 303)","(236407, 240)","(104040, 194)","(581615, 342)","(354831, 303)","(64593, 174)","(2454776, 606)","(1336680, 495)","(560535, 398)","(2755872, 696)"
6,0,DHM/ILC,,,"(1184, 17)","(777, 20)","(7800, 49)","(4744, 50)","(990, 33)","(97576, 126)","(28739, 98)","(16129, 85)","(106149, 165)","(90845, 155)","(8859, 81)","(540537, 301)","(260663, 242)","(108611, 196)","(593504, 342)","(391684, 305)","(59142, 175)","(2483657, 607)","(1208460, 489)","(550786, 401)","(2737008, 695)"
7,2,ILM/DHC,,,"(1186, 17)","(363, 19)","(6297, 48)","(5126, 50)","(481, 32)","(102245, 127)","(31238, 99)","(11675, 83)","(118555, 167)","(73562, 152)","(6966, 80)","(575878, 304)","(258486, 242)","(96882, 193)","(551418, 338)","(331640, 297)","(66432, 175)","(2427897, 604)","(1225860, 489)","(532218, 397)","(2798613, 698)"
8,0,ILM/DHC,,,"(680, 16)","(297, 19)","(5693, 48)","(5409, 51)","(1295, 34)","(104871, 127)","(23594, 96)","(12454, 83)","(102525, 164)","(88721, 156)","(8874, 82)","(564038, 303)","(232512, 240)","(112138, 195)","(575515, 341)","(310377, 297)","(55393, 173)","(2381388, 602)","(1256235, 491)","(571211, 400)","(2709516, 695)"
9,4,DHM/ILC,,,"(1182, 17)","(341, 19)","(8522, 50)","(5881, 51)","(684, 33)","(98051, 126)","(25941, 97)","(15417, 84)","(117282, 167)","(91829, 155)","(9605, 81)","(568136, 302)","(273627, 245)","(105155, 195)","(555208, 340)","(333553, 300)","(54836, 172)","(2441280, 605)","(1339857, 495)","(509184, 396)","(2931870, 702)"
10,8,FIXED,0.1,0.75,"(623, 16)","(698, 20)","(8518, 49)","(5683, 51)","(876, 33)","(102881, 127)","(29353, 98)","(16124, 85)","(112020, 166)","(114355, 159)","(12340, 83)","(583952, 304)","(237837, 240)","(111281, 194)","(563798, 340)","(345552, 301)","(51766, 171)","(2495597, 608)","(1352105, 496)","(618680, 405)","(3053478, 707)"
11,0,DHM/ILC,,,"(629, 16)","(381, 19)","(7501, 49)","(4922, 51)","(1109, 34)","(103518, 127)","(23491, 96)","(13327, 84)","(123049, 167)","(84785, 153)","(9717, 81)","(586082, 304)","(257525, 242)","(112644, 196)","(589551, 344)","(351320, 301)","(59536, 174)","(2422287, 605)","(1309734, 493)","(586560, 401)","(2975924, 704)"
12,10,DHM/ILC,,,"(629, 16)","(286, 19)","(9437, 50)","(5066, 51)","(1714, 34)","(103370, 127)","(22736, 96)","(14994, 84)","(116170, 166)","(85196, 154)","(8579, 80)","(587089, 304)","(247037, 242)","(109370, 195)","(568772, 341)","(355966, 301)","(59157, 173)","(2535811, 609)","(1348281, 495)","(653969, 406)","(2780458, 700)"
13,4,DHM/ILC,,,"(653, 16)","(373, 19)","(6114, 48)","(4808, 50)","(898, 33)","(99162, 126)","(33895, 100)","(13394, 83)","(114555, 166)","(93119, 155)","(9493, 82)","(566355, 303)","(234555, 240)","(113634, 196)","(609869, 342)","(346030, 299)","(55519, 173)","(2404425, 604)","(1250607, 492)","(602692, 404)","(2753236, 697)"
14,8,ILM/DHC,,,"(1200, 17)","(309, 19)","(7184, 49)","(5088, 50)","(1017, 33)","(97928, 126)","(28363, 98)","(12051, 82)","(108227, 165)","(91313, 156)","(6759, 80)","(579644, 304)","(230053, 240)","(94933, 194)","(590707, 343)","(376117, 303)","(57835, 174)","(2377347, 602)","(1341143, 494)","(559890, 400)","(2987951, 703)"
15,4,FIXED,0.1,0.85,"(635, 16)","(392, 19)","(9380, 50)","(5483, 51)","(855, 33)","(104888, 127)","(31920, 98)","(12580, 83)","(112389, 166)","(99301, 157)","(8787, 81)","(567060, 303)","(272706, 244)","(116263, 196)","(602088, 342)","(378638, 304)","(57747, 173)","(2520390, 608)","(1330464, 494)","(614735, 404)","(2939289, 703)"
16,6,ILM/DHC,,,"(620, 16)","(441, 19)","(7124, 49)","(6010, 51)","(787, 33)","(103687, 127)","(28387, 98)","(12940, 84)","(107673, 165)","(81709, 153)","(10040, 83)","(567322, 303)","(234613, 240)","(104439, 192)","(564825, 340)","(334082, 299)","(62009, 173)","(2419193, 604)","(1345444, 495)","(629537, 402)","(2885531, 700)"
17,0,DHM/ILC,,,"(645, 16)","(410, 19)","(9026, 50)","(5104, 50)","(975, 33)","(99082, 126)","(29582, 98)","(11971, 82)","(108162, 165)","(80927, 153)","(9875, 82)","(596374, 305)","(246213, 242)","(103129, 194)","(614107, 344)","(341003, 301)","(57057, 173)","(2386494, 603)","(1236501, 490)","(559063, 400)","(2804116, 699)"
18,0,DHM/ILC,,,"(1174, 17)","(727, 20)","(7114, 49)","(7298, 52)","(1373, 34)","(99777, 126)","(25273, 97)","(13891, 84)","(119610, 167)","(93669, 156)","(11480, 83)","(582223, 304)","(251873, 242)","(113455, 197)","(550576, 340)","(374686, 304)","(59127, 174)","(2450686, 606)","(1372354, 496)","(548817, 401)","(2842154, 698)"
19,2,FIXED,0.2,0.75,"(1182, 17)","(284, 19)","(7514, 49)","(4721, 50)","(807, 33)","(102942, 127)","(25104, 97)","(12164, 83)","(101787, 164)","(76053, 153)","(8892, 81)","(573312, 303)","(194030, 235)","(81848, 190)","(567960, 340)","(325331, 298)","(50861, 171)","(2416977, 605)","(1231009, 490)","(480102, 394)","(2691994, 692)"
20,0,DHM/ILC,,,"(620, 16)","(658, 20)","(10813, 51)","(5017, 51)","(839, 33)","(106064, 127)","(37762, 101)","(13456, 84)","(121910, 168)","(89520, 156)","(7460, 81)","(576014, 303)","(301029, 247)","(116558, 197)","(595226, 344)","(383286, 304)","(62955, 175)","(2454244, 606)","(1264913, 491)","(575694, 402)","(2760455, 700)"
21,8,ILM/DHC,,,"(652, 16)","(338, 19)","(8428, 50)","(4734, 50)","(1009, 33)","(99680, 126)","(26954, 97)","(12723, 83)","(93160, 162)","(88626, 155)","(10787, 82)","(609329, 307)","(269041, 242)","(117465, 198)","(606566, 343)","(347174, 300)","(56883, 174)","(2408812, 603)","(1263320, 491)","(592555, 402)","(2892856, 700)"
22,10,ILM/DHC,,,"(692, 16)","(442, 19)","(5604, 48)","(5391, 51)","(868, 33)","(107821, 128)","(28251, 97)","(13179, 83)","(120517, 167)","(98622, 156)","(9510, 81)","(553847, 302)","(275573, 243)","(99774, 193)","(592999, 341)","(347612, 299)","(63660, 176)","(2464642, 607)","(1219296, 489)","(625250, 404)","(2876924, 700)"
23,2,ILM/DHC,,,"(618, 16)","(391, 19)","(5767, 48)","(4962, 51)","(948, 33)","(98106, 126)","(26269, 97)","(14591, 84)","(113594, 166)","(89686, 155)","(8657, 81)","(590596, 305)","(266060, 243)","(102214, 195)","(601131, 342)","(323808, 299)","(60433, 173)","(2459838, 606)","(1316313, 492)","(576474, 400)","(2865391, 702)"
24,2,FIXED,0.2,0.85,"(621, 16)","(440, 19)","(6706, 49)","(4343, 50)","(1204, 34)","(97228, 126)","(16989, 94)","(9857, 81)","(109432, 165)","(70855, 151)","(8146, 81)","(581109, 304)","(211919, 237)","(95209, 192)","(603701, 343)","(346719, 300)","(47611, 170)","(2460636, 605)","(1341442, 495)","(521660, 397)","(2701067, 690)"
25,10,DHM/ILC,,,"(690, 16)","(343, 19)","(7245, 49)","(6579, 52)","(1408, 34)","(103944, 127)","(26127, 97)","(14019, 83)","(122097, 167)","(92898, 156)","(8091, 81)","(596994, 305)","(271278, 244)","(117755, 195)","(607122, 343)","(384928, 305)","(55088, 173)","(2507985, 607)","(1340087, 494)","(590707, 401)","(2812457, 699)"
26,2,DHM/ILC,,,"(1192, 17)","(423, 19)","(7201, 49)","(5852, 51)","(804, 33)","(98179, 126)","(27652, 98)","(14793, 84)","(102908, 164)","(83229, 154)","(9671, 82)","(588354, 305)","(268549, 244)","(123327, 197)","(584755, 342)","(355759, 302)","(50570, 171)","(2474948, 607)","(1372299, 496)","(574427, 399)","(2817238, 701)"
27,2,ILM/DHC,,,"(683, 16)","(366, 19)","(8908, 50)","(4611, 50)","(1359, 34)","(99005, 126)","(24910, 96)","(13358, 83)","(95065, 163)","(82041, 154)","(7833, 80)","(598108, 305)","(258669, 241)","(110677, 196)","(548816, 337)","(354286, 300)","(57128, 174)","(2370955, 601)","(1364253, 495)","(621864, 402)","(2593822, 694)"
28,4,ILM/DHC,,,"(624, 16)","(277, 19)","(5845, 48)","(5701, 51)","(1153, 34)","(103493, 127)","(28647, 98)","(12884, 83)","(117506, 166)","(89370, 155)","(7918, 81)","(565784, 303)","(247846, 242)","(101926, 194)","(574830, 341)","(339121, 299)","(51125, 171)","(2421506, 605)","(1340603, 495)","(535616, 398)","(2738024, 695)"
29,6,FIXED,0.1,0.8,"(655, 16)","(661, 20)","(8569, 50)","(5928, 51)","(762, 33)","(103724, 127)","(32525, 99)","(13490, 83)","(105922, 165)","(86970, 154)","(10125, 82)","(564200, 302)","(251727, 241)","(108088, 195)","(606537, 341)","(354092, 301)","(50114, 171)","(2435872, 605)","(1233515, 490)","(632930, 403)","(2827405, 700)"
30,6,DHM/ILC,,,"(615, 16)","(341, 19)","(5938, 48)","(3981, 49)","(1323, 34)","(104298, 127)","(25330, 96)","(13518, 83)","(108327, 165)","(83288, 153)","(8413, 81)","(587918, 304)","(237024, 240)","(123854, 199)","(573310, 341)","(331690, 299)","(46505, 170)","(2424595, 604)","(1256172, 492)","(545974, 396)","(2835731, 697)"
31,2,DHM/ILC,,,"(704, 16)","(333, 19)","(6401, 48)","(5891, 51)","(1074, 33)","(105251, 127)","(28329, 98)","(12464, 83)","(129475, 168)","(77656, 153)","(8877, 81)","(575844, 304)","(252818, 242)","(100209, 194)","(642278, 347)","(401673, 303)","(51688, 171)","(2354572, 601)","(1350981, 495)","(545754, 400)","(2858267, 701)"
32,0,FIXED,0.1,0.75,"(1236, 17)","(344, 19)","(7985, 49)","(5695, 51)","(1002, 34)","(109581, 128)","(26511, 97)","(14340, 84)","(118066, 167)","(88590, 155)","(8889, 81)","(577296, 304)","(284110, 246)","(102268, 194)","(583721, 344)","(374670, 304)","(56740, 173)","(2486558, 608)","(1282129, 492)","(558601, 400)","(2561364, 691)"
33,2,DHM/ILC,,,"(622, 16)","(404, 19)","(6750, 49)","(4857, 50)","(951, 33)","(109990, 128)","(27281, 97)","(16228, 84)","(116886, 166)","(82301, 153)","(7986, 81)","(569085, 303)","(248209, 241)","(111858, 195)","(575687, 341)","(324698, 299)","(60583, 174)","(2464951, 606)","(1358776, 494)","(585777, 401)","(2614714, 693)"
34,6,DHM/ILC,,,"(615, 16)","(374, 19)","(7059, 49)","(3400, 49)","(949, 33)","(104844, 127)","(25998, 97)","(15482, 84)","(101108, 165)","(82804, 154)","(10179, 82)","(571067, 303)","(254273, 241)","(122220, 197)","(586836, 341)","(364451, 303)","(53887, 172)","(2379516, 603)","(1372819, 496)","(569331, 399)","(2856497, 697)"
35,2,DHM/ILC,,,"(625, 16)","(272, 19)","(8785, 50)","(4642, 50)","(854, 33)","(102780, 127)","(27500, 98)","(11122, 82)","(109215, 165)","(83577, 153)","(7825, 81)","(580829, 304)","(278105, 244)","(98758, 193)","(549946, 338)","(343839, 301)","(56675, 173)","(2431080, 605)","(1421369, 498)","(555957, 401)","(2581662, 691)"
36,10,ILM/DHC,,,"(615, 16)","(369, 19)","(5899, 48)","(3216, 49)","(702, 33)","(104241, 127)","(32574, 100)","(14062, 83)","(109339, 166)","(85939, 155)","(10566, 82)","(541613, 301)","(245523, 242)","(110519, 194)","(517005, 336)","(355756, 302)","(54589, 172)","(2444688, 606)","(1200881, 489)","(509707, 396)","(2943922, 700)"
37,6,ILM/DHC,,,"(652, 16)","(300, 19)","(7157, 49)","(5122, 50)","(830, 33)","(102374, 127)","(28499, 98)","(11749, 82)","(123542, 168)","(92872, 155)","(8678, 81)","(580896, 304)","(242439, 240)","(106646, 194)","(588089, 342)","(350346, 301)","(49510, 171)","(2382476, 603)","(1336371, 492)","(565446, 398)","(2635405, 692)"
38,4,ILM/DHC,,,"(625, 16)","(416, 19)","(8749, 50)","(4742, 50)","(824, 33)","(97521, 126)","(19470, 95)","(12455, 82)","(99492, 163)","(93404, 155)","(8085, 81)","(596670, 306)","(263758, 242)","(121837, 197)","(624463, 346)","(357844, 300)","(56411, 172)","(2404280, 604)","(1336374, 495)","(582477, 400)","(2622584, 693)"
39,8,DHM/ILC,,,"(1243, 17)","(694, 20)","(7916, 49)","(5389, 50)","(1256, 34)","(102296, 127)","(28590, 98)","(11541, 82)","(111132, 166)","(94562, 156)","(8833, 81)","(604890, 306)","(250103, 242)","(99846, 194)","(602512, 343)","(344981, 300)","(57526, 174)","(2503921, 607)","(1246685, 490)","(597529, 403)","(2762427, 696)"
40,2,ILM/DHC,,,"(617, 16)","(365, 19)","(8167, 50)","(4464, 50)","(1100, 34)","(98126, 126)","(26688, 97)","(13020, 83)","(103778, 164)","(87215, 154)","(9198, 81)","(574726, 304)","(253095, 241)","(96402, 193)","(567755, 340)","(365104, 301)","(53522, 172)","(2422401, 603)","(1258336, 491)","(562654, 398)","(2909125, 700)"
41,4,FIXED,0.2,0.8,"(620, 16)","(264, 19)","(6553, 49)","(3660, 49)","(690, 33)","(98424, 126)","(27345, 98)","(10798, 81)","(118677, 167)","(77037, 153)","(6934, 80)","(581559, 304)","(228095, 239)","(117925, 198)","(542185, 339)","(328799, 298)","(54343, 173)","(2391621, 603)","(1182609, 486)","(545085, 398)","(2719988, 695)"
42,0,FIXED,0.08,0.75,"(648, 16)","(372, 19)","(8860, 50)","(7293, 52)","(837, 33)","(108494, 128)","(31142, 99)","(14896, 84)","(105993, 165)","(90857, 156)","(9193, 81)","(610855, 307)","(288677, 245)","(117826, 198)","(632323, 346)","(344562, 301)","(63032, 175)","(2494372, 608)","(1345815, 497)","(572304, 401)","(2742932, 697)"
43,8,FIXED,0.08,0.9,"(696, 16)","(392, 19)","(10368, 51)","(6623, 52)","(1127, 33)","(107518, 128)","(30756, 98)","(17640, 85)","(103139, 164)","(95427, 156)","(9449, 81)","(590215, 305)","(238868, 241)","(117890, 197)","(568364, 341)","(404204, 307)","(71040, 176)","(2513247, 607)","(1358020, 497)","(606604, 403)","(2792095, 699)"
44,2,DHM/ILC,,,"(1219, 17)","(446, 19)","(7111, 49)","(4167, 50)","(945, 33)","(103307, 127)","(25593, 97)","(15341, 85)","(108045, 165)","(82590, 153)","(7391, 80)","(584555, 304)","(286009, 246)","(93719, 191)","(610449, 344)","(386122, 304)","(55804, 172)","(2466197, 606)","(1381877, 497)","(510664, 395)","(2724172, 697)"
45,0,ILM/DHC,,,"(623, 16)","(321, 19)","(7370, 49)","(5421, 51)","(671, 33)","(110225, 128)","(25029, 96)","(11514, 82)","(109896, 166)","(83585, 154)","(8606, 81)","(580225, 304)","(259876, 243)","(107238, 195)","(580837, 342)","(367257, 301)","(59250, 172)","(2369431, 602)","(1233797, 489)","(529096, 395)","(2716010, 696)"
46,10,FIXED,0.2,0.9,"(620, 16)","(273, 19)","(7063, 49)","(3980, 50)","(739, 33)","(98719, 126)","(23877, 97)","(11854, 83)","(111978, 165)","(85738, 155)","(8167, 81)","(581496, 304)","(259561, 243)","(84803, 191)","(547276, 338)","(335136, 299)","(49430, 171)","(2422147, 604)","(1363019, 496)","(529386, 397)","(2598222, 692)"
47,10,DHM/ILC,,,"(1177, 17)","(322, 19)","(7621, 49)","(4978, 50)","(1217, 34)","(104695, 127)","(28099, 98)","(15494, 84)","(106863, 165)","(81061, 153)","(8442, 81)","(567735, 303)","(244867, 241)","(99638, 193)","(590226, 343)","(367297, 302)","(56922, 173)","(2465098, 607)","(1249388, 490)","(572424, 401)","(2783012, 698)"
48,6,FIXED,0.2,0.85,"(665, 16)","(282, 19)","(6199, 48)","(4843, 50)","(761, 33)","(102281, 127)","(26495, 97)","(12104, 83)","(94158, 163)","(81779, 154)","(8938, 81)","(579354, 304)","(276891, 244)","(108872, 195)","(566571, 342)","(350680, 299)","(50351, 172)","(2401882, 603)","(1320980, 493)","(578880, 401)","(2672932, 693)"
49,0,DHM/ILC,,,"(1173, 17)","(338, 19)","(7505, 49)","(4192, 49)","(783, 33)","(102890, 127)","(30574, 99)","(13545, 83)","(109182, 165)","(94131, 156)","(8375, 81)","(568637, 303)","(276341, 244)","(108207, 196)","(584175, 341)","(380616, 305)","(59894, 174)","(2455580, 606)","(1407109, 499)","(563163, 400)","(2802020, 701)"
50,4,DHM/ILC,,,"(624, 16)","(390, 19)","(8997, 50)","(5268, 50)","(939, 33)","(102559, 127)","(20818, 95)","(13640, 84)","(117176, 166)","(86115, 154)","(9210, 81)","(574086, 304)","(272862, 243)","(106896, 194)","(536663, 338)","(371413, 304)","(56658, 172)","(2509513, 608)","(1321152, 493)","(572087, 400)","(2915199, 699)"
51,2,FIXED,0.15,0.8,"(1161, 17)","(360, 19)","(7233, 49)","(3655, 49)","(774, 33)","(103398, 127)","(25137, 96)","(13419, 83)","(102533, 164)","(91674, 155)","(8869, 82)","(553200, 301)","(248103, 241)","(91424, 192)","(603035, 343)","(368453, 302)","(48774, 171)","(2430879, 604)","(1250685, 492)","(624229, 401)","(2824177, 698)"
52,6,ILM/DHC,,,"(618, 16)","(408, 19)","(7181, 49)","(4954, 50)","(984, 33)","(102388, 127)","(28507, 98)","(12507, 83)","(109911, 166)","(84577, 154)","(8518, 81)","(570008, 304)","(267521, 243)","(117857, 197)","(580015, 341)","(358427, 301)","(62618, 173)","(2428724, 604)","(1329285, 493)","(529701, 395)","(2833774, 697)"
53,8,FIXED,0.1,0.75,"(624, 16)","(696, 20)","(9216, 50)","(5822, 51)","(939, 33)","(104299, 127)","(28339, 98)","(12453, 83)","(127630, 168)","(86282, 154)","(9216, 82)","(582445, 305)","(262997, 242)","(99154, 193)","(588259, 343)","(405654, 307)","(63312, 175)","(2501651, 607)","(1370578, 495)","(602941, 402)","(2996976, 705)"
54,0,FIXED,0.1,0.7,"(620, 16)","(318, 19)","(9049, 50)","(5749, 51)","(926, 33)","(98730, 126)","(30103, 98)","(13617, 83)","(112444, 166)","(76167, 153)","(8887, 81)","(578915, 304)","(222876, 238)","(119798, 197)","(613031, 343)","(394674, 303)","(58406, 173)","(2446396, 605)","(1291519, 491)","(589977, 404)","(2833236, 698)"
55,0,FIXED,0.2,0.7,"(639, 16)","(263, 19)","(7029, 49)","(4356, 50)","(886, 33)","(97710, 126)","(27848, 98)","(11896, 83)","(101416, 164)","(79711, 153)","(7886, 80)","(580352, 304)","(236149, 240)","(98855, 193)","(602674, 342)","(329407, 299)","(55771, 172)","(2410848, 604)","(1356068, 494)","(543912, 399)","(2818688, 697)"
56,8,DHM/ILC,,,"(1163, 17)","(315, 19)","(7256, 49)","(4383, 50)","(655, 33)","(103558, 127)","(39104, 101)","(15712, 85)","(115052, 166)","(88360, 154)","(8607, 81)","(605055, 306)","(225826, 238)","(124128, 196)","(629091, 345)","(351706, 301)","(58341, 173)","(2391920, 604)","(1377320, 498)","(510478, 395)","(3033634, 707)"
57,10,ILM/DHC,,,"(625, 16)","(414, 19)","(9179, 50)","(5096, 51)","(911, 33)","(98263, 126)","(24453, 97)","(16986, 85)","(109115, 165)","(72742, 152)","(8064, 80)","(576309, 303)","(272574, 245)","(99939, 193)","(587201, 342)","(336848, 299)","(54648, 171)","(2455006, 605)","(1322490, 494)","(598120, 403)","(2817034, 695)"
58,0,FIXED,0.1,0.7,"(623, 16)","(822, 20)","(8449, 50)","(6984, 52)","(988, 33)","(103950, 127)","(34200, 100)","(15802, 84)","(107627, 165)","(90720, 155)","(7535, 81)","(605542, 306)","(246637, 241)","(95553, 193)","(588255, 343)","(387002, 304)","(59671, 174)","(2470731, 606)","(1183167, 487)","(607933, 402)","(2916597, 702)"
59,4,FIXED,0.05,0.7,"(1187, 17)","(799, 20)","(11368, 51)","(5912, 51)","(987, 33)","(98789, 126)","(33985, 99)","(17429, 85)","(118425, 167)","(100045, 157)","(8659, 81)","(588727, 304)","(262234, 243)","(122759, 198)","(646958, 346)","(416404, 308)","(64317, 175)","(2473760, 605)","(1429373, 499)","(649625, 404)","(3000333, 706)"
60,10,ILM/DHC,,,"(618, 16)","(307, 19)","(7130, 49)","(5609, 51)","(1356, 34)","(98686, 126)","(28310, 98)","(16104, 84)","(108124, 165)","(82437, 154)","(7532, 80)","(575256, 303)","(279718, 245)","(111223, 196)","(571778, 340)","(354978, 302)","(55548, 172)","(2448909, 606)","(1437614, 499)","(593179, 399)","(2743041, 696)"
61,2,ILM/DHC,,,"(1165, 17)","(524, 20)","(6234, 48)","(6271, 51)","(709, 33)","(102911, 127)","(24016, 96)","(15246, 84)","(116579, 167)","(88701, 155)","(8741, 81)","(553217, 302)","(244514, 241)","(114378, 196)","(584732, 341)","(348878, 301)","(54848, 173)","(2388554, 601)","(1311517, 493)","(542753, 400)","(2665027, 693)"
62,4,DHM/ILC,,,"(620, 16)","(663, 20)","(9433, 50)","(6063, 51)","(1100, 33)","(103297, 127)","(29984, 98)","(14782, 84)","(115354, 166)","(82479, 154)","(9308, 81)","(573640, 303)","(266127, 243)","(101289, 194)","(622994, 344)","(338631, 300)","(53198, 172)","(2447264, 604)","(1287095, 492)","(590172, 401)","(2768501, 697)"
63,6,DHM/ILC,,,"(666, 16)","(699, 20)","(9403, 50)","(5437, 51)","(778, 33)","(103284, 127)","(26604, 97)","(15114, 85)","(91834, 164)","(82956, 154)","(7332, 80)","(593396, 305)","(269851, 245)","(108714, 195)","(618394, 345)","(335164, 300)","(61176, 174)","(2392745, 603)","(1359430, 495)","(589813, 400)","(2745674, 696)"
64,6,ILM/DHC,,,"(1182, 17)","(344, 19)","(7797, 49)","(6155, 51)","(1416, 34)","(99494, 126)","(23490, 96)","(11912, 82)","(99860, 164)","(91531, 155)","(7632, 81)","(558858, 302)","(266774, 243)","(104454, 194)","(557519, 339)","(371913, 303)","(60944, 174)","(2361131, 602)","(1292960, 492)","(516335, 395)","(2788556, 697)"
65,6,FIXED,0.15,0.8,"(623, 16)","(322, 19)","(6719, 49)","(4211, 50)","(1186, 34)","(98794, 126)","(27174, 98)","(13211, 83)","(95152, 163)","(85603, 154)","(7005, 80)","(566204, 303)","(250190, 241)","(93779, 193)","(604611, 342)","(356779, 301)","(49865, 171)","(2392455, 603)","(1266234, 491)","(546450, 396)","(2904577, 702)"
66,8,DHM/ILC,,,"(1199, 17)","(351, 19)","(7761, 49)","(5105, 51)","(982, 33)","(104567, 127)","(26984, 97)","(15164, 84)","(121151, 167)","(85747, 153)","(7345, 80)","(592207, 305)","(255869, 243)","(123330, 197)","(607145, 342)","(376458, 301)","(59841, 175)","(2478511, 607)","(1415115, 498)","(614775, 400)","(2714063, 695)"
67,6,DHM/ILC,,,"(1193, 17)","(360, 19)","(9436, 50)","(5989, 51)","(997, 33)","(98665, 126)","(30509, 99)","(11133, 82)","(103738, 165)","(76306, 152)","(9024, 81)","(565874, 303)","(222596, 238)","(107293, 194)","(558967, 340)","(327006, 299)","(55067, 174)","(2509766, 606)","(1363564, 496)","(541950, 399)","(2814532, 700)"
68,0,DHM/ILC,,,"(674, 16)","(727, 20)","(8518, 50)","(4665, 50)","(1351, 34)","(103623, 127)","(26801, 98)","(12223, 83)","(100993, 164)","(99032, 157)","(10762, 82)","(596406, 305)","(272685, 244)","(113033, 195)","(573465, 340)","(341208, 302)","(58236, 175)","(2473800, 606)","(1416448, 499)","(603336, 403)","(2685213, 695)"
69,8,ILM/DHC,,,"(685, 16)","(373, 19)","(7736, 49)","(5203, 51)","(785, 33)","(98079, 126)","(24746, 97)","(13367, 83)","(107579, 166)","(86153, 155)","(10240, 82)","(556323, 302)","(223242, 238)","(109637, 195)","(593523, 341)","(330205, 299)","(52278, 172)","(2434724, 604)","(1247370, 491)","(545489, 399)","(2889570, 702)"
70,10,ILM/DHC,,,"(620, 16)","(306, 19)","(5733, 48)","(5091, 50)","(956, 33)","(98448, 126)","(23894, 96)","(12908, 83)","(109877, 165)","(98053, 156)","(9766, 82)","(569857, 304)","(235011, 239)","(119279, 197)","(618989, 344)","(339886, 299)","(54335, 172)","(2408096, 604)","(1300773, 492)","(508241, 394)","(2790286, 695)"
71,4,DHM/ILC,,,"(650, 16)","(410, 19)","(7569, 49)","(4718, 50)","(986, 33)","(103217, 127)","(32034, 99)","(12397, 83)","(113005, 166)","(97347, 156)","(7737, 80)","(592400, 305)","(277093, 245)","(93834, 193)","(577777, 341)","(353992, 301)","(61011, 173)","(2412628, 604)","(1342331, 497)","(537590, 399)","(2891309, 702)"
72,2,FIXED,0.15,0.75,"(1210, 17)","(285, 19)","(9012, 50)","(4955, 50)","(885, 33)","(97549, 126)","(25184, 97)","(12989, 83)","(117644, 167)","(94818, 156)","(7369, 80)","(590260, 305)","(238692, 240)","(114692, 197)","(602772, 343)","(332195, 298)","(59471, 173)","(2400774, 604)","(1160105, 486)","(554088, 397)","(2920572, 703)"
73,4,DHM/ILC,,,"(1198, 17)","(313, 19)","(9216, 50)","(5005, 50)","(668, 33)","(98190, 126)","(22570, 96)","(13924, 84)","(106503, 165)","(91227, 155)","(8764, 81)","(591850, 305)","(258513, 243)","(110301, 195)","(601431, 344)","(364094, 302)","(40850, 169)","(2463312, 605)","(1376321, 496)","(586440, 402)","(2831073, 699)"
74,10,FIXED,0.05,0.85,"(1204, 17)","(812, 20)","(7888, 49)","(7940, 52)","(1314, 34)","(104603, 127)","(36236, 100)","(18164, 85)","(114746, 166)","(96351, 155)","(11669, 83)","(596848, 305)","(293346, 246)","(115423, 195)","(649861, 347)","(385707, 305)","(60304, 173)","(2659537, 613)","(1467033, 501)","(668842, 408)","(2953722, 704)"
75,8,DHM/ILC,,,"(670, 16)","(707, 20)","(7047, 49)","(4388, 50)","(978, 33)","(107568, 128)","(31189, 99)","(14494, 84)","(106619, 165)","(82841, 153)","(8579, 81)","(588163, 304)","(288648, 246)","(104041, 196)","(628521, 346)","(383438, 304)","(60628, 173)","(2451510, 605)","(1359812, 495)","(593692, 403)","(2672368, 693)"
76,8,ILM/DHC,,,"(615, 16)","(312, 19)","(7330, 49)","(4776, 50)","(1176, 34)","(103732, 127)","(31283, 99)","(15217, 85)","(117202, 166)","(82103, 154)","(9523, 81)","(574577, 303)","(222508, 238)","(86254, 192)","(604541, 343)","(396984, 305)","(59961, 174)","(2470102, 606)","(1226323, 490)","(557223, 398)","(2802056, 699)"
77,0,ILM/DHC,,,"(620, 16)","(267, 19)","(7007, 49)","(6155, 51)","(841, 33)","(97805, 126)","(27516, 98)","(14256, 84)","(115972, 166)","(79442, 153)","(10600, 82)","(597365, 305)","(246965, 242)","(87415, 192)","(588098, 343)","(332914, 301)","(63815, 175)","(2399452, 602)","(1262403, 491)","(491155, 394)","(2710116, 696)"
78,4,FIXED,0.1,0.7,"(624, 16)","(249, 19)","(6884, 49)","(5085, 50)","(887, 33)","(98678, 126)","(29708, 98)","(13830, 83)","(120549, 167)","(81465, 154)","(9338, 81)","(547958, 302)","(267498, 243)","(107453, 196)","(558298, 339)","(376451, 303)","(53046, 172)","(2374020, 602)","(1211883, 487)","(601342, 401)","(2811883, 698)"
79,10,DHM/ILC,,,"(1185, 17)","(406, 19)","(9363, 50)","(5656, 51)","(1058, 34)","(104330, 127)","(30911, 99)","(14524, 84)","(115134, 166)","(86994, 154)","(7323, 80)","(607201, 305)","(270956, 244)","(96487, 192)","(629615, 345)","(349475, 301)","(55352, 172)","(2499173, 608)","(1255937, 489)","(560866, 401)","(2868817, 701)"
80,6,FIXED,0.2,0.9,"(615, 16)","(212, 19)","(6928, 49)","(4121, 50)","(1196, 34)","(102934, 127)","(32825, 99)","(14625, 83)","(108528, 165)","(78307, 153)","(8115, 81)","(581631, 304)","(260397, 243)","(100971, 193)","(567079, 342)","(380551, 303)","(44239, 170)","(2413179, 604)","(1269477, 491)","(556303, 399)","(2453032, 684)"
81,8,ILM/DHC,,,"(618, 16)","(365, 19)","(6007, 48)","(4685, 50)","(590, 32)","(97761, 126)","(24992, 97)","(12645, 83)","(97291, 162)","(84040, 154)","(11285, 83)","(570978, 303)","(272348, 244)","(90862, 192)","(575816, 339)","(340523, 300)","(51011, 172)","(2420633, 604)","(1210830, 487)","(607768, 399)","(2936624, 701)"
82,4,DHM/ILC,,,"(615, 16)","(318, 19)","(5952, 48)","(5989, 51)","(885, 33)","(103365, 127)","(29062, 98)","(18794, 86)","(102115, 164)","(90593, 156)","(7968, 80)","(571173, 303)","(278868, 246)","(112636, 197)","(599994, 344)","(396899, 305)","(54543, 172)","(2417699, 604)","(1230508, 491)","(548190, 398)","(2789972, 697)"
83,2,FIXED,0.1,0.8,"(621, 16)","(286, 19)","(9136, 50)","(4799, 50)","(1088, 33)","(97532, 126)","(21605, 95)","(12565, 83)","(115508, 166)","(72348, 152)","(9104, 81)","(596837, 305)","(262162, 242)","(97437, 192)","(594070, 342)","(318784, 299)","(62256, 174)","(2428534, 604)","(1282820, 493)","(604613, 401)","(2621050, 694)"
84,0,DHM/ILC,,,"(1229, 17)","(671, 20)","(6371, 48)","(4381, 50)","(837, 33)","(109853, 128)","(25533, 97)","(17077, 85)","(118815, 167)","(67025, 151)","(9687, 82)","(556944, 302)","(247960, 242)","(114362, 197)","(620755, 345)","(327561, 299)","(57138, 173)","(2409503, 604)","(1332682, 495)","(528721, 398)","(2843131, 701)"
85,6,FIXED,0.1,0.85,"(1226, 17)","(350, 19)","(8764, 50)","(6307, 51)","(825, 33)","(98913, 126)","(30590, 98)","(11630, 82)","(105813, 165)","(79934, 153)","(10183, 83)","(576562, 304)","(271022, 243)","(107048, 195)","(587595, 342)","(366136, 303)","(52331, 171)","(2430015, 605)","(1356679, 496)","(583456, 401)","(2764596, 695)"
86,6,DHM/ILC,,,"(634, 16)","(369, 19)","(7328, 49)","(5069, 51)","(1152, 34)","(98668, 126)","(31375, 98)","(13928, 84)","(110937, 165)","(96070, 157)","(9299, 82)","(593744, 304)","(305666, 247)","(84762, 190)","(582314, 341)","(355764, 302)","(50493, 171)","(2495675, 608)","(1299567, 494)","(599318, 402)","(2765433, 696)"
87,10,FIXED,0.12,0.8,"(1161, 17)","(503, 19)","(7791, 49)","(5272, 50)","(858, 33)","(102760, 127)","(30174, 98)","(14444, 84)","(107477, 164)","(89122, 156)","(10434, 82)","(570667, 303)","(204163, 236)","(101508, 193)","(577184, 342)","(416218, 304)","(46486, 171)","(2487742, 607)","(1396633, 498)","(605480, 402)","(2854740, 699)"
88,2,FIXED,0.2,0.7,"(620, 16)","(342, 19)","(7298, 49)","(3276, 49)","(363, 32)","(102694, 127)","(21172, 95)","(12344, 83)","(105814, 165)","(78660, 153)","(6604, 80)","(561540, 303)","(217967, 239)","(92563, 192)","(548137, 339)","(347295, 301)","(61191, 173)","(2366190, 601)","(1256539, 491)","(542823, 398)","(2651794, 692)"
89,4,ILM/DHC,,,"(618, 16)","(380, 19)","(6026, 48)","(3572, 49)","(763, 33)","(103822, 127)","(24878, 97)","(14103, 83)","(104572, 164)","(92578, 155)","(8815, 81)","(577458, 304)","(279812, 245)","(105130, 194)","(562073, 340)","(333146, 300)","(54756, 172)","(2485876, 607)","(1448870, 500)","(599652, 402)","(2758107, 697)"
90,0,ILM/DHC,,,"(1210, 17)","(319, 19)","(7023, 49)","(5360, 51)","(878, 33)","(104559, 127)","(21627, 96)","(12019, 83)","(103203, 164)","(76230, 153)","(8028, 81)","(578433, 304)","(221875, 239)","(102345, 192)","(527477, 337)","(365534, 301)","(53123, 172)","(2469086, 605)","(1398736, 498)","(502086, 396)","(2656657, 694)"
91,6,FIXED,0.12,0.75,"(624, 16)","(286, 19)","(7043, 49)","(4892, 50)","(722, 33)","(99164, 126)","(30734, 98)","(13756, 83)","(101365, 165)","(86119, 155)","(8505, 81)","(585257, 305)","(259259, 242)","(118478, 197)","(559843, 340)","(367487, 304)","(60707, 174)","(2512342, 608)","(1352366, 495)","(625513, 401)","(2916502, 701)"
92,6,FIXED,0.05,0.8,"(1183, 17)","(760, 20)","(7661, 49)","(6118, 51)","(1886, 35)","(104662, 127)","(31478, 98)","(17204, 85)","(127219, 169)","(98342, 156)","(10432, 81)","(588167, 304)","(302939, 247)","(122715, 197)","(682862, 349)","(392021, 306)","(61341, 173)","(2463407, 606)","(1475424, 502)","(667631, 406)","(3170418, 711)"
93,6,ILM/DHC,,,"(620, 16)","(385, 19)","(7219, 49)","(5002, 50)","(1226, 34)","(99339, 126)","(20698, 95)","(12969, 83)","(94516, 163)","(94104, 156)","(9610, 82)","(586735, 304)","(248677, 242)","(117344, 197)","(578598, 340)","(372747, 301)","(56039, 173)","(2467227, 606)","(1207088, 488)","(604163, 402)","(2668919, 692)"
94,4,ILM/DHC,,,"(620, 16)","(340, 19)","(6947, 49)","(4864, 50)","(832, 33)","(102676, 127)","(34555, 99)","(10796, 82)","(100221, 164)","(81492, 154)","(10497, 82)","(568116, 303)","(236678, 241)","(92049, 193)","(543808, 337)","(382108, 303)","(56298, 172)","(2417545, 603)","(1273776, 493)","(558778, 399)","(2721182, 693)"
95,2,FIXED,0.05,0.85,"(653, 16)","(683, 20)","(9707, 50)","(7100, 51)","(1234, 33)","(105779, 127)","(39076, 101)","(17583, 85)","(130772, 169)","(95480, 156)","(10700, 82)","(592940, 304)","(315113, 248)","(127430, 198)","(627704, 345)","(387533, 304)","(71203, 176)","(2531872, 610)","(1488938, 501)","(706426, 408)","(2910939, 699)"
96,2,DHM/ILC,,,"(620, 16)","(313, 19)","(7234, 49)","(4941, 50)","(777, 33)","(104497, 127)","(27868, 97)","(14735, 83)","(100453, 163)","(88737, 155)","(11238, 83)","(581161, 304)","(239129, 240)","(100019, 193)","(626250, 344)","(389267, 305)","(62534, 174)","(2453213, 604)","(1443390, 501)","(534928, 398)","(2908505, 701)"
97,4,FIXED,0.2,0.7,"(615, 16)","(527, 20)","(6980, 49)","(3496, 50)","(409, 32)","(97771, 126)","(28033, 98)","(10150, 81)","(109111, 165)","(72228, 152)","(6223, 80)","(565377, 302)","(218608, 238)","(89903, 191)","(564696, 339)","(310772, 296)","(47187, 170)","(2423561, 604)","(1281900, 490)","(560650, 398)","(2719774, 695)"
98,8,DHM/ILC,,,"(620, 16)","(333, 19)","(6921, 49)","(5431, 51)","(906, 33)","(103591, 127)","(30816, 99)","(13889, 84)","(110252, 165)","(83028, 154)","(8085, 80)","(607869, 306)","(298708, 246)","(108268, 194)","(582945, 342)","(366299, 302)","(59268, 175)","(2504064, 608)","(1363183, 495)","(583602, 399)","(2882823, 702)"
99,0,FIXED,0.15,0.9,"(620, 16)","(773, 20)","(7760, 49)","(4870, 50)","(1030, 33)","(109847, 128)","(30632, 98)","(13610, 84)","(113158, 165)","(92613, 156)","(8198, 81)","(589575, 304)","(247072, 241)","(87491, 191)","(605873, 344)","(333424, 302)","(55380, 174)","(2512317, 608)","(1264075, 491)","(512866, 395)","(2697449, 697)"
100,0,FIXED,0.15,0.9,"(1176, 17)","(383, 19)","(8834, 50)","(3933, 50)","(841, 33)","(102507, 127)","(23665, 96)","(13358, 83)","(108329, 166)","(101329, 157)","(8684, 82)","(596970, 305)","(261842, 243)","(106395, 195)","(580216, 341)","(331897, 301)","(51841, 171)","(2467089, 607)","(1308025, 494)","(617465, 404)","(2889244, 701)"
101,8,DHM/ILC,,,"(622, 16)","(620, 20)","(7381, 49)","(5959, 51)","(1287, 34)","(99290, 126)","(28408, 97)","(13006, 83)","(109413, 166)","(86183, 154)","(9163, 81)","(544989, 301)","(283686, 245)","(101726, 193)","(607659, 344)","(341618, 301)","(56172, 173)","(2461202, 605)","(1313600, 494)","(586445, 401)","(2957565, 703)"
102,10,DHM/ILC,,,"(623, 16)","(598, 20)","(8394, 50)","(6971, 52)","(767, 33)","(103140, 127)","(31735, 99)","(13765, 84)","(97541, 163)","(77619, 153)","(8787, 81)","(590874, 304)","(277974, 244)","(96465, 195)","(624877, 345)","(408446, 306)","(53308, 173)","(2434573, 604)","(1300110, 493)","(599249, 405)","(2730187, 697)"
103,2,FIXED,0.12,0.9,"(1177, 17)","(288, 19)","(7919, 49)","(4673, 50)","(1310, 34)","(103822, 127)","(31179, 99)","(12474, 83)","(107482, 165)","(98808, 157)","(8216, 81)","(598371, 305)","(248824, 241)","(111848, 195)","(598445, 342)","(329803, 299)","(56729, 172)","(2417752, 605)","(1284209, 491)","(532625, 397)","(2768615, 695)"
104,2,ILM/DHC,,,"(620, 16)","(357, 19)","(7381, 49)","(5715, 51)","(917, 33)","(109570, 128)","(26546, 98)","(12677, 83)","(115715, 166)","(75481, 153)","(9675, 81)","(570663, 303)","(255857, 243)","(112574, 196)","(572530, 341)","(389545, 305)","(62311, 174)","(2465900, 606)","(1200627, 487)","(554280, 400)","(2792132, 698)"
105,6,ILM/DHC,,,"(1172, 17)","(687, 20)","(9234, 50)","(2885, 49)","(996, 33)","(97828, 126)","(29697, 98)","(10684, 82)","(108967, 165)","(86759, 154)","(8686, 81)","(566435, 303)","(284706, 245)","(100203, 195)","(561450, 339)","(383514, 304)","(52697, 173)","(2463881, 605)","(1401882, 496)","(584341, 401)","(2785689, 697)"
106,2,FIXED,0.15,0.75,"(1186, 17)","(304, 19)","(5876, 48)","(4862, 50)","(850, 33)","(99511, 126)","(25829, 97)","(13035, 83)","(101373, 164)","(71754, 151)","(9788, 82)","(571076, 304)","(261673, 243)","(91239, 191)","(620474, 343)","(354537, 301)","(57555, 174)","(2365685, 602)","(1228611, 488)","(594969, 402)","(2629550, 692)"
107,4,ILM/DHC,,,"(633, 16)","(295, 19)","(7022, 49)","(4761, 50)","(1095, 33)","(97930, 126)","(29543, 98)","(10491, 82)","(117290, 167)","(92576, 155)","(8523, 81)","(583261, 304)","(241971, 240)","(103545, 195)","(539510, 338)","(372504, 303)","(50171, 170)","(2443483, 605)","(1250148, 491)","(567897, 401)","(2734200, 694)"
108,8,FIXED,0.05,0.8,"(739, 16)","(742, 20)","(7769, 49)","(7334, 52)","(1384, 34)","(100210, 126)","(36184, 100)","(20855, 86)","(110834, 165)","(91706, 155)","(9463, 81)","(611295, 306)","(270662, 243)","(124323, 198)","(593630, 343)","(462815, 311)","(68275, 176)","(2551326, 609)","(1403638, 495)","(667667, 406)","(3092459, 707)"
109,10,ILM/DHC,,,"(618, 16)","(464, 19)","(7717, 49)","(4899, 50)","(964, 33)","(102863, 127)","(21580, 96)","(15529, 85)","(106992, 165)","(80140, 153)","(7880, 81)","(612728, 307)","(250142, 240)","(100754, 193)","(621472, 344)","(359683, 302)","(53359, 172)","(2442396, 605)","(1396647, 496)","(534590, 399)","(2781904, 696)"
110,6,FIXED,0.08,0.85,"(627, 16)","(321, 19)","(7631, 49)","(5101, 50)","(1070, 33)","(102350, 127)","(29745, 98)","(15775, 85)","(124344, 168)","(78045, 154)","(9484, 82)","(596416, 305)","(284914, 246)","(110649, 194)","(651083, 347)","(381752, 303)","(58995, 175)","(2474580, 607)","(1348762, 494)","(641029, 406)","(2623912, 692)"
111,10,DHM/ILC,,,"(1187, 17)","(370, 19)","(7152, 49)","(6684, 51)","(692, 33)","(98487, 126)","(24922, 96)","(15046, 85)","(119635, 166)","(100455, 156)","(7027, 81)","(558573, 302)","(270906, 244)","(114146, 196)","(604639, 343)","(365573, 301)","(55462, 173)","(2481474, 607)","(1348330, 495)","(638987, 405)","(2733893, 697)"
112,8,FIXED,0.12,0.85,"(618, 16)","(367, 19)","(8094, 49)","(3933, 50)","(1297, 34)","(103450, 127)","(21434, 95)","(13819, 83)","(110247, 166)","(87943, 154)","(8449, 81)","(580970, 305)","(274039, 244)","(104558, 193)","(534775, 338)","(352777, 301)","(49695, 170)","(2434383, 604)","(1283536, 490)","(610939, 406)","(2987584, 703)"
113,2,DHM/ILC,,,"(624, 16)","(430, 19)","(7046, 49)","(5875, 51)","(1033, 33)","(98424, 126)","(27324, 98)","(13651, 82)","(107937, 166)","(92802, 156)","(10505, 82)","(562784, 303)","(218960, 238)","(94713, 194)","(663734, 347)","(380683, 304)","(61493, 173)","(2376749, 602)","(1203551, 488)","(572635, 401)","(2770744, 698)"
114,10,DHM/ILC,,,"(689, 16)","(412, 19)","(9128, 50)","(5657, 51)","(1555, 34)","(107534, 128)","(30252, 98)","(11461, 83)","(115999, 165)","(78890, 153)","(8240, 81)","(574528, 303)","(276635, 244)","(112210, 197)","(600652, 344)","(370215, 302)","(64140, 175)","(2443878, 605)","(1344171, 494)","(571454, 398)","(2674595, 694)"
115,6,ILM/DHC,,,"(1192, 17)","(360, 19)","(7137, 49)","(4338, 50)","(355, 32)","(104428, 127)","(32612, 99)","(12086, 82)","(88526, 162)","(79474, 153)","(8189, 81)","(594882, 305)","(268848, 243)","(87747, 192)","(581117, 340)","(362087, 302)","(52127, 171)","(2454729, 605)","(1192234, 486)","(625764, 405)","(2687000, 692)"
116,8,DHM/ILC,,,"(675, 16)","(385, 19)","(9099, 50)","(5709, 51)","(837, 33)","(99031, 126)","(29477, 98)","(10925, 82)","(106145, 164)","(92151, 155)","(10420, 82)","(600945, 305)","(221810, 239)","(94012, 191)","(599512, 342)","(343095, 300)","(56117, 173)","(2457508, 605)","(1426503, 499)","(636440, 404)","(2691815, 693)"
117,10,DHM/ILC,,,"(1287, 17)","(632, 20)","(7783, 49)","(4391, 50)","(1274, 34)","(98968, 126)","(27441, 97)","(12347, 83)","(117714, 167)","(84988, 154)","(8601, 81)","(587613, 305)","(251813, 242)","(107649, 196)","(640629, 345)","(399355, 305)","(58318, 173)","(2542626, 609)","(1313809, 493)","(565017, 401)","(2719650, 695)"
118,0,ILM/DHC,,,"(618, 16)","(618, 20)","(5900, 48)","(4343, 50)","(1472, 34)","(104261, 127)","(28028, 98)","(14754, 84)","(116983, 166)","(84066, 154)","(7990, 81)","(591671, 305)","(227184, 239)","(96130, 193)","(593129, 343)","(362749, 301)","(58183, 172)","(2467603, 605)","(1150493, 485)","(626862, 404)","(2536689, 690)"
119,4,ILM/DHC,,,"(624, 16)","(425, 19)","(6970, 49)","(3686, 49)","(1317, 34)","(104253, 127)","(25449, 96)","(14323, 84)","(127344, 168)","(79251, 153)","(8632, 81)","(551594, 302)","(239565, 241)","(103876, 194)","(583263, 341)","(364354, 304)","(49789, 171)","(2469394, 606)","(1278800, 492)","(525222, 395)","(2875297, 701)"
120,0,ILM/DHC,,,"(674, 16)","(322, 19)","(7206, 49)","(5509, 51)","(888, 33)","(103569, 127)","(29035, 98)","(14622, 84)","(108223, 164)","(75027, 153)","(9063, 81)","(546745, 301)","(283146, 245)","(99636, 194)","(526684, 338)","(327321, 300)","(56000, 173)","(2458200, 605)","(1250794, 490)","(588802, 401)","(2729470, 696)"
121,4,FIXED,0.12,0.85,"(620, 16)","(435, 19)","(8812, 50)","(4499, 50)","(907, 33)","(105358, 127)","(26359, 97)","(13872, 84)","(106628, 164)","(87929, 155)","(6979, 80)","(565359, 303)","(276182, 244)","(103665, 195)","(604566, 342)","(350735, 301)","(49767, 171)","(2487215, 606)","(1337817, 494)","(603102, 401)","(2847917, 699)"
122,4,ILM/DHC,,,"(625, 16)","(278, 19)","(7427, 49)","(4528, 50)","(728, 33)","(97656, 126)","(27869, 97)","(12706, 82)","(101592, 163)","(81000, 154)","(9757, 82)","(582068, 304)","(264176, 242)","(107429, 195)","(575844, 341)","(315450, 298)","(47892, 171)","(2397081, 603)","(1281796, 492)","(612962, 404)","(2734984, 694)"
123,0,ILM/DHC,,,"(627, 16)","(715, 20)","(10677, 51)","(5370, 51)","(857, 33)","(109656, 128)","(27737, 98)","(15352, 85)","(118476, 166)","(79982, 154)","(7372, 80)","(580569, 304)","(262496, 243)","(102614, 194)","(573491, 342)","(339039, 301)","(48524, 170)","(2456519, 605)","(1191538, 488)","(585699, 400)","(2709675, 694)"
124,0,ILM/DHC,,,"(1223, 17)","(387, 19)","(7001, 49)","(4465, 50)","(823, 33)","(103486, 127)","(26294, 97)","(10702, 82)","(119840, 167)","(86172, 154)","(10386, 82)","(568013, 303)","(277605, 244)","(101851, 194)","(585539, 343)","(336596, 300)","(54591, 172)","(2484263, 606)","(1129922, 485)","(531466, 396)","(2630877, 694)"
125,10,DHM/ILC,,,"(1241, 17)","(460, 19)","(9155, 50)","(6229, 51)","(767, 33)","(104314, 127)","(28125, 98)","(15230, 84)","(107901, 165)","(91570, 155)","(9621, 81)","(561300, 302)","(281875, 245)","(115930, 198)","(572480, 342)","(366469, 304)","(57767, 172)","(2454245, 607)","(1258098, 491)","(630892, 403)","(2842793, 700)"
126,0,ILM/DHC,,,"(1179, 17)","(336, 19)","(7471, 49)","(4950, 50)","(775, 33)","(104214, 127)","(22417, 96)","(12684, 83)","(117042, 167)","(94906, 156)","(9375, 82)","(585178, 304)","(239810, 241)","(118146, 198)","(544473, 339)","(318640, 297)","(49298, 173)","(2429754, 603)","(1244778, 490)","(555971, 398)","(2665157, 694)"
127,0,DHM/ILC,,,"(628, 16)","(714, 20)","(7776, 49)","(5494, 51)","(778, 33)","(110178, 128)","(24707, 97)","(16375, 84)","(118971, 167)","(98670, 157)","(10584, 82)","(578513, 304)","(200113, 236)","(114952, 197)","(633290, 345)","(384705, 304)","(63579, 175)","(2403198, 604)","(1434701, 500)","(607022, 404)","(2612305, 691)"
128,8,ILM/DHC,,,"(673, 16)","(671, 20)","(7677, 49)","(4465, 50)","(833, 33)","(103676, 127)","(27983, 98)","(11521, 82)","(92512, 162)","(87260, 155)","(6680, 80)","(585133, 304)","(237969, 240)","(125917, 198)","(528604, 339)","(355384, 302)","(54184, 173)","(2546771, 609)","(1189825, 488)","(538190, 397)","(2920796, 702)"
129,4,ILM/DHC,,,"(626, 16)","(272, 19)","(8275, 50)","(6152, 51)","(707, 33)","(103782, 127)","(21002, 95)","(10040, 82)","(110847, 165)","(86034, 155)","(8148, 81)","(578374, 303)","(274007, 244)","(97464, 193)","(576834, 341)","(358013, 301)","(57919, 174)","(2416742, 603)","(1364968, 495)","(567661, 398)","(2804931, 699)"
130,4,ILM/DHC,,,"(621, 16)","(343, 19)","(7564, 49)","(6011, 51)","(888, 33)","(98297, 126)","(24154, 96)","(13548, 84)","(115468, 166)","(84768, 154)","(10181, 81)","(598662, 305)","(250194, 241)","(114808, 196)","(598960, 343)","(338376, 299)","(61647, 173)","(2488765, 607)","(1329304, 493)","(544458, 401)","(2736488, 694)"
131,6,ILM/DHC,,,"(628, 16)","(264, 19)","(7699, 49)","(6474, 51)","(1006, 33)","(98797, 126)","(26712, 97)","(12506, 83)","(105942, 165)","(80140, 154)","(9401, 81)","(573576, 303)","(261098, 243)","(112070, 196)","(544909, 340)","(380864, 302)","(56564, 172)","(2410741, 604)","(1265249, 492)","(607538, 402)","(2755391, 695)"
132,0,ILM/DHC,,,"(620, 16)","(442, 19)","(7007, 49)","(4598, 50)","(910, 33)","(98934, 126)","(22892, 96)","(11654, 82)","(106375, 164)","(81996, 153)","(10174, 82)","(578741, 304)","(285975, 245)","(119281, 196)","(539448, 338)","(353848, 300)","(60958, 174)","(2459639, 605)","(1237587, 490)","(578787, 402)","(2656745, 692)"
133,2,ILM/DHC,,,"(672, 16)","(243, 19)","(7385, 49)","(3330, 49)","(908, 33)","(102886, 127)","(23179, 96)","(13578, 83)","(100129, 164)","(77098, 153)","(9193, 81)","(578072, 304)","(254627, 242)","(101398, 195)","(591189, 342)","(346899, 302)","(56465, 173)","(2459033, 605)","(1310285, 494)","(575731, 400)","(2666336, 692)"
134,4,FIXED,0.15,0.7,"(627, 16)","(287, 19)","(7621, 49)","(3265, 49)","(903, 33)","(102955, 127)","(21851, 95)","(12286, 83)","(105723, 165)","(95349, 156)","(10601, 83)","(565576, 303)","(241968, 240)","(104775, 194)","(553836, 340)","(320234, 299)","(51992, 171)","(2431534, 604)","(1241131, 490)","(522938, 393)","(2806776, 697)"
135,2,DHM/ILC,,,"(1178, 17)","(442, 19)","(8291, 50)","(4313, 50)","(968, 33)","(98639, 126)","(33141, 99)","(13897, 84)","(120546, 167)","(85818, 154)","(8448, 81)","(559194, 302)","(243784, 241)","(101941, 195)","(545671, 339)","(374646, 303)","(57828, 174)","(2442209, 604)","(1417831, 498)","(515969, 399)","(2770385, 698)"
136,2,FIXED,0.08,0.85,"(618, 16)","(555, 20)","(7467, 49)","(4827, 50)","(1091, 33)","(104766, 127)","(36808, 100)","(17988, 86)","(93049, 162)","(103584, 158)","(12134, 83)","(605111, 306)","(291589, 246)","(121453, 197)","(710485, 351)","(393733, 304)","(58403, 173)","(2386841, 604)","(1281515, 493)","(621426, 404)","(2894477, 701)"
137,10,FIXED,0.2,0.8,"(627, 16)","(315, 19)","(7234, 49)","(3884, 49)","(769, 33)","(98828, 126)","(25587, 97)","(10529, 82)","(104509, 165)","(71515, 152)","(7887, 81)","(561059, 302)","(224534, 239)","(105305, 194)","(571525, 340)","(350528, 302)","(53864, 172)","(2334833, 601)","(1253022, 490)","(587627, 400)","(2617521, 692)"
138,8,ILM/DHC,,,"(694, 16)","(266, 19)","(7129, 49)","(3231, 49)","(1160, 34)","(108777, 128)","(26023, 97)","(15460, 84)","(108936, 166)","(90932, 155)","(11979, 82)","(572957, 303)","(275267, 244)","(107664, 194)","(545517, 339)","(403672, 305)","(61746, 174)","(2473046, 605)","(1282225, 492)","(558916, 399)","(2912848, 702)"
139,0,ILM/DHC,,,"(615, 16)","(331, 19)","(6799, 49)","(4716, 50)","(1235, 33)","(103173, 127)","(22669, 96)","(11820, 82)","(107809, 165)","(77375, 154)","(6928, 80)","(577057, 304)","(242719, 241)","(107994, 195)","(576820, 342)","(383994, 304)","(53436, 173)","(2377619, 602)","(1229868, 489)","(539195, 398)","(2737605, 695)"
140,6,ILM/DHC,,,"(635, 16)","(216, 19)","(7895, 49)","(3702, 50)","(1387, 34)","(102807, 127)","(24736, 97)","(16044, 84)","(108424, 166)","(79162, 153)","(9172, 81)","(581314, 304)","(277576, 244)","(107890, 194)","(553132, 339)","(331985, 298)","(61334, 174)","(2422326, 604)","(1207911, 488)","(590690, 402)","(2579461, 690)"
141,10,DHM/ILC,,,"(662, 16)","(266, 19)","(9644, 50)","(5922, 50)","(916, 33)","(103498, 127)","(29360, 98)","(15668, 84)","(119828, 166)","(81702, 154)","(9096, 82)","(588272, 304)","(238452, 241)","(126644, 198)","(669128, 347)","(369581, 303)","(69416, 176)","(2489175, 606)","(1305538, 493)","(644355, 405)","(2775529, 697)"
142,8,FIXED,0.12,0.8,"(1168, 17)","(383, 19)","(6788, 49)","(3580, 49)","(894, 33)","(103347, 127)","(25648, 97)","(14062, 84)","(109057, 165)","(100287, 157)","(11559, 83)","(568223, 303)","(231731, 240)","(99269, 193)","(607660, 342)","(384036, 304)","(57172, 173)","(2548290, 608)","(1307784, 493)","(619926, 404)","(2668347, 695)"
143,10,FIXED,0.05,0.7,"(1187, 17)","(741, 20)","(9572, 50)","(6253, 51)","(1542, 34)","(99514, 126)","(34505, 99)","(18104, 86)","(132054, 168)","(93616, 156)","(8910, 81)","(584284, 304)","(286536, 245)","(120274, 196)","(684369, 350)","(425410, 307)","(79834, 176)","(2565504, 608)","(1496991, 502)","(619183, 403)","(3126594, 707)"
144,4,ILM/DHC,,,"(615, 16)","(365, 19)","(6756, 49)","(5236, 51)","(467, 33)","(98641, 126)","(31664, 99)","(14560, 83)","(100663, 163)","(83347, 154)","(10712, 81)","(565849, 303)","(249597, 241)","(105655, 194)","(580149, 341)","(340986, 301)","(55583, 173)","(2392926, 603)","(1211562, 489)","(565060, 401)","(2627315, 692)"
145,0,ILM/DHC,,,"(624, 16)","(670, 20)","(8523, 50)","(4636, 50)","(825, 33)","(104186, 127)","(27866, 98)","(12792, 83)","(98232, 164)","(72759, 152)","(9164, 82)","(576095, 304)","(262574, 243)","(103545, 194)","(543811, 340)","(296879, 295)","(44994, 171)","(2442457, 605)","(1223126, 488)","(538928, 396)","(2729166, 694)"
146,6,ILM/DHC,,,"(1182, 17)","(724, 20)","(8567, 50)","(5251, 50)","(908, 33)","(103189, 127)","(28471, 98)","(12592, 83)","(108025, 165)","(87534, 154)","(9713, 81)","(593241, 305)","(248708, 242)","(102928, 193)","(662028, 347)","(374781, 304)","(68516, 175)","(2464780, 606)","(1218374, 490)","(554277, 398)","(2740106, 693)"
147,0,ILM/DHC,,,"(651, 16)","(424, 19)","(5981, 48)","(4683, 50)","(852, 33)","(99259, 126)","(24161, 97)","(9546, 82)","(118480, 167)","(84642, 154)","(10263, 82)","(578460, 303)","(233941, 241)","(96835, 193)","(589408, 342)","(333308, 301)","(54147, 172)","(2408292, 604)","(1239207, 489)","(533918, 398)","(2764563, 697)"
148,6,ILM/DHC,,,"(634, 16)","(325, 19)","(7393, 49)","(5725, 51)","(889, 33)","(98913, 126)","(25514, 97)","(14639, 83)","(101844, 163)","(93097, 156)","(8250, 81)","(561595, 302)","(283479, 246)","(119287, 197)","(527835, 339)","(387111, 303)","(60882, 173)","(2392491, 602)","(1396921, 498)","(563828, 399)","(2941525, 701)"
149,0,FIXED,0.05,0.7,"(663, 16)","(442, 19)","(9038, 50)","(4763, 50)","(1701, 34)","(104155, 127)","(31586, 98)","(17096, 85)","(134095, 169)","(91422, 155)","(10764, 82)","(598674, 304)","(258930, 243)","(122083, 197)","(643689, 346)","(431568, 309)","(61146, 174)","(2538807, 608)","(1318121, 496)","(727285, 411)","(3156736, 709)"
