,initial_temp,min_temp,max_acc_solutions,instance 0 value,instance 0 num stocks,instance 1 value,instance 1 num stocks,instance 2 value,instance 2 num stocks,instance 3 value,instance 3 num stocks,instance 4 value,instance 4 num stocks,instance 5 value,instance 5 num stocks,instance 6 value,instance 6 num stocks,instance 7 value,instance 7 num stocks,instance 8 value,instance 8 num stocks,instance 9 value,instance 9 num stocks,instance 10 value,instance 10 num stocks,instance 11 value,instance 11 num stocks,instance 12 value,instance 12 num stocks,instance 13 value,instance 13 num stocks,instance 14 value,instance 14 num stocks,instance 15 value,instance 15 num stocks,instance 16 value,instance 16 num stocks,instance 17 value,instance 17 num stocks,instance 18 value,instance 18 num stocks,instance 19 value,instance 19 num stocks,instance 20 value,instance 20 num stocks
0,50,1,1,615.0,16.0,194.0,19.0,5300.0,48.0,1578.0,48.0,125.0,32.0,96322.0,126.0,8506.0,92.0,2627.0,78.0,38469.0,154.0,30845.0,146.0,1164.0,77.0,502078.0,299.0,67727.0,222.0,21955.0,179.0,248230.0,319.0,106860.0,279.0,13326.0,164.0,2079439.0,594.0,354453.0,444.0,172021.0,371.0,1299335.0,650.0
1,50,1,2,615.0,16.0,173.0,19.0,4929.0,48.0,1645.0,48.0,166.0,32.0,96388.0,126.0,6966.0,91.0,2185.0,78.0,49526.0,157.0,23726.0,143.0,1791.0,77.0,536846.0,302.0,46116.0,216.0,22536.0,179.0,254303.0,320.0,99545.0,277.0,15772.0,165.0,2130887.0,596.0,352454.0,444.0,173492.0,370.0,1226747.0,647.0
2,50,1,3,615.0,16.0,191.0,19.0,4904.0,48.0,1100.0,47.0,151.0,32.0,96374.0,126.0,7303.0,91.0,2542.0,78.0,44724.0,156.0,22657.0,143.0,1496.0,77.0,523507.0,301.0,45429.0,216.0,21762.0,179.0,232763.0,317.0,111355.0,281.0,13588.0,164.0,2085605.0,595.0,367641.0,446.0,167431.0,371.0,1252708.0,649.0
3,50,1,4,615.0,16.0,151.0,19.0,4922.0,48.0,1318.0,48.0,169.0,32.0,96382.0,126.0,6644.0,91.0,2024.0,78.0,37217.0,154.0,18499.0,141.0,955.0,76.0,500120.0,299.0,51932.0,218.0,23523.0,181.0,268363.0,321.0,84556.0,275.0,12743.0,163.0,2062251.0,593.0,406605.0,449.0,140152.0,365.0,1256373.0,648.0
4,50,1,5,615.0,16.0,163.0,19.0,4874.0,48.0,717.0,47.0,145.0,32.0,96378.0,126.0,6720.0,91.0,3228.0,79.0,42631.0,155.0,21245.0,142.0,1586.0,77.0,501413.0,299.0,52264.0,218.0,24591.0,181.0,211746.0,315.0,96770.0,277.0,11776.0,164.0,2134009.0,597.0,333198.0,444.0,153763.0,370.0,1228428.0,646.0
5,50,1,inf,615.0,16.0,158.0,19.0,4871.0,48.0,963.0,47.0,163.0,32.0,96279.0,126.0,6278.0,90.0,2133.0,78.0,44124.0,155.0,22840.0,143.0,2070.0,78.0,522679.0,301.0,48574.0,217.0,19879.0,179.0,229130.0,318.0,92410.0,276.0,13470.0,164.0,2103655.0,595.0,359357.0,446.0,164689.0,369.0,1252877.0,649.0
6,50,5,1,622.0,16.0,198.0,19.0,4911.0,48.0,1420.0,48.0,229.0,32.0,96269.0,126.0,5141.0,90.0,4100.0,80.0,53045.0,158.0,22248.0,143.0,1776.0,77.0,501238.0,299.0,44966.0,217.0,23876.0,180.0,239916.0,318.0,90299.0,277.0,16428.0,165.0,2084697.0,595.0,332215.0,443.0,157593.0,370.0,1156292.0,643.0
7,50,5,2,615.0,16.0,213.0,19.0,5136.0,48.0,1494.0,48.0,245.0,32.0,96255.0,126.0,7550.0,92.0,2757.0,79.0,42681.0,155.0,26644.0,144.0,1732.0,77.0,511501.0,300.0,48834.0,217.0,21495.0,179.0,242547.0,318.0,100836.0,278.0,11748.0,163.0,2087147.0,594.0,370570.0,447.0,173200.0,373.0,1169542.0,644.0
8,50,5,3,627.0,16.0,218.0,19.0,4879.0,48.0,1513.0,48.0,282.0,32.0,96219.0,126.0,6631.0,91.0,2473.0,79.0,45896.0,156.0,28225.0,145.0,1330.0,77.0,501854.0,299.0,48350.0,217.0,26442.0,182.0,230077.0,318.0,108679.0,280.0,11744.0,163.0,2026011.0,592.0,366580.0,446.0,161679.0,368.0,1210584.0,648.0
9,50,5,4,615.0,16.0,234.0,19.0,4919.0,48.0,787.0,47.0,202.0,32.0,96217.0,126.0,5403.0,90.0,3393.0,79.0,41823.0,155.0,26196.0,144.0,2244.0,78.0,523146.0,301.0,61874.0,220.0,22076.0,179.0,245295.0,320.0,80801.0,272.0,12925.0,163.0,2091642.0,595.0,357197.0,443.0,152880.0,369.0,1196709.0,645.0
10,50,5,5,617.0,16.0,188.0,19.0,4934.0,48.0,1368.0,48.0,349.0,32.0,96324.0,126.0,6052.0,90.0,3019.0,79.0,37447.0,154.0,17876.0,141.0,2561.0,78.0,511672.0,300.0,54692.0,219.0,23201.0,180.0,250855.0,319.0,106355.0,279.0,13011.0,164.0,2034784.0,592.0,326565.0,442.0,175882.0,369.0,1182491.0,645.0
11,50,5,inf,615.0,16.0,211.0,19.0,4881.0,48.0,950.0,47.0,201.0,32.0,96320.0,126.0,7655.0,91.0,2975.0,79.0,43309.0,155.0,25939.0,144.0,1091.0,77.0,512770.0,300.0,53017.0,218.0,25206.0,181.0,234908.0,318.0,95517.0,277.0,11597.0,163.0,2117467.0,596.0,362760.0,446.0,163125.0,370.0,1293713.0,650.0
12,50,10,1,625.0,16.0,225.0,19.0,5013.0,48.0,1741.0,48.0,246.0,32.0,96186.0,126.0,6519.0,91.0,2391.0,78.0,48155.0,156.0,23368.0,143.0,1333.0,77.0,511643.0,300.0,45524.0,216.0,31683.0,183.0,266038.0,322.0,96146.0,276.0,13899.0,165.0,2051863.0,593.0,304746.0,441.0,153248.0,369.0,1233066.0,647.0
13,50,10,2,622.0,16.0,201.0,19.0,4928.0,48.0,1183.0,47.0,235.0,32.0,96395.0,126.0,7198.0,91.0,2326.0,78.0,42660.0,155.0,24213.0,143.0,1940.0,78.0,511911.0,300.0,58281.0,219.0,21870.0,179.0,224815.0,317.0,89191.0,275.0,15051.0,164.0,2069953.0,594.0,374407.0,446.0,151634.0,367.0,1241717.0,647.0
14,50,10,3,620.0,16.0,234.0,19.0,4924.0,48.0,1573.0,48.0,302.0,32.0,96382.0,126.0,6065.0,90.0,2400.0,78.0,41872.0,154.0,23699.0,143.0,2035.0,78.0,511640.0,300.0,48096.0,217.0,23841.0,181.0,241505.0,318.0,95962.0,277.0,13647.0,164.0,2060003.0,593.0,330660.0,443.0,157908.0,369.0,1199347.0,646.0
15,50,10,4,620.0,16.0,254.0,19.0,5004.0,48.0,1538.0,48.0,300.0,32.0,96456.0,126.0,6757.0,91.0,2691.0,78.0,41737.0,154.0,23164.0,143.0,1484.0,77.0,513259.0,300.0,56322.0,219.0,19559.0,179.0,261646.0,320.0,102722.0,277.0,14944.0,165.0,2087164.0,594.0,330431.0,443.0,163672.0,370.0,1288675.0,651.0
16,50,10,5,620.0,16.0,231.0,19.0,4937.0,48.0,1687.0,48.0,499.0,33.0,96221.0,126.0,7098.0,91.0,2947.0,79.0,42376.0,155.0,28969.0,145.0,1583.0,77.0,512707.0,300.0,47440.0,217.0,24017.0,182.0,232169.0,317.0,81438.0,273.0,16018.0,165.0,2050310.0,593.0,376453.0,447.0,152389.0,368.0,1220523.0,646.0
17,50,10,inf,620.0,16.0,238.0,19.0,5116.0,48.0,1482.0,48.0,286.0,32.0,96329.0,126.0,6316.0,91.0,2298.0,78.0,41773.0,155.0,24110.0,143.0,1300.0,77.0,511859.0,300.0,53141.0,218.0,22643.0,180.0,226049.0,316.0,102346.0,278.0,15244.0,165.0,2178462.0,599.0,361888.0,444.0,142275.0,368.0,1176137.0,644.0
18,50,15,1,615.0,16.0,247.0,19.0,4959.0,48.0,1578.0,48.0,511.0,33.0,96351.0,126.0,6026.0,90.0,3104.0,79.0,45530.0,156.0,26208.0,144.0,2107.0,78.0,510613.0,300.0,56849.0,219.0,20419.0,178.0,232817.0,316.0,93304.0,277.0,13248.0,163.0,2117392.0,596.0,324340.0,442.0,159501.0,368.0,1253177.0,649.0
19,50,15,2,632.0,16.0,245.0,19.0,5060.0,48.0,1081.0,47.0,635.0,33.0,96326.0,126.0,5399.0,90.0,3167.0,79.0,43675.0,156.0,22120.0,142.0,1601.0,77.0,513397.0,300.0,50780.0,218.0,24783.0,181.0,254475.0,320.0,88395.0,274.0,13581.0,164.0,2100864.0,595.0,356471.0,445.0,175233.0,371.0,1203924.0,646.0
20,50,15,3,624.0,16.0,263.0,19.0,4958.0,48.0,1646.0,48.0,285.0,32.0,96325.0,126.0,7484.0,91.0,2265.0,78.0,46885.0,157.0,19340.0,141.0,1830.0,77.0,512809.0,300.0,57402.0,219.0,22502.0,180.0,232771.0,317.0,98535.0,277.0,15783.0,165.0,2074442.0,594.0,360806.0,446.0,162357.0,368.0,1231336.0,645.0
21,50,15,4,623.0,16.0,265.0,19.0,4971.0,48.0,1413.0,48.0,296.0,32.0,96529.0,126.0,7634.0,91.0,4015.0,80.0,40124.0,154.0,21653.0,142.0,1849.0,77.0,499911.0,299.0,53023.0,219.0,25324.0,182.0,232445.0,316.0,99800.0,277.0,14649.0,165.0,2088117.0,595.0,354352.0,444.0,150071.0,366.0,1168506.0,643.0
22,50,15,5,627.0,16.0,299.0,19.0,5130.0,48.0,1788.0,48.0,375.0,32.0,96290.0,126.0,6026.0,90.0,2927.0,78.0,40735.0,155.0,20568.0,142.0,2376.0,78.0,512853.0,300.0,58193.0,219.0,22050.0,180.0,220996.0,316.0,95807.0,277.0,16165.0,165.0,2126981.0,597.0,359207.0,445.0,167779.0,370.0,1186997.0,644.0
23,50,15,inf,618.0,16.0,273.0,19.0,5064.0,48.0,1526.0,48.0,624.0,33.0,96499.0,126.0,8926.0,92.0,1689.0,77.0,42285.0,155.0,23713.0,143.0,2002.0,78.0,510896.0,300.0,50859.0,218.0,23589.0,180.0,252015.0,319.0,105904.0,278.0,15884.0,165.0,2125825.0,596.0,360223.0,445.0,174293.0,370.0,1287155.0,650.0
24,100,1,1,615.0,16.0,205.0,19.0,5005.0,48.0,1437.0,48.0,202.0,32.0,96279.0,126.0,4525.0,89.0,3274.0,79.0,41585.0,155.0,22281.0,143.0,1878.0,78.0,501349.0,299.0,49999.0,218.0,20179.0,179.0,234721.0,318.0,112091.0,280.0,15784.0,166.0,2102360.0,595.0,328832.0,443.0,155521.0,368.0,1295178.0,651.0
25,100,1,2,615.0,16.0,162.0,19.0,4901.0,48.0,1393.0,48.0,156.0,32.0,96348.0,126.0,6170.0,91.0,2979.0,79.0,41943.0,155.0,22584.0,143.0,1777.0,78.0,499324.0,299.0,48251.0,217.0,20096.0,178.0,225479.0,316.0,97086.0,277.0,12016.0,164.0,2112177.0,596.0,357340.0,446.0,173341.0,371.0,1285477.0,649.0
26,100,1,3,615.0,16.0,205.0,19.0,4884.0,48.0,1227.0,48.0,200.0,32.0,96321.0,126.0,6734.0,91.0,3740.0,80.0,43191.0,156.0,21050.0,142.0,1605.0,77.0,510989.0,300.0,56888.0,219.0,25031.0,181.0,219824.0,317.0,93735.0,277.0,14020.0,165.0,2073083.0,594.0,341107.0,444.0,183666.0,372.0,1195472.0,644.0
27,100,1,4,615.0,16.0,208.0,19.0,4892.0,48.0,892.0,47.0,240.0,32.0,96348.0,126.0,7220.0,91.0,3344.0,79.0,43311.0,155.0,24016.0,143.0,1424.0,77.0,501031.0,299.0,51752.0,218.0,25070.0,181.0,218306.0,316.0,85494.0,275.0,15235.0,165.0,2020275.0,592.0,317138.0,441.0,177937.0,372.0,1261291.0,649.0
28,100,1,5,615.0,16.0,174.0,19.0,4887.0,48.0,1011.0,47.0,194.0,32.0,96332.0,126.0,6382.0,90.0,2029.0,78.0,43772.0,156.0,29715.0,145.0,1681.0,77.0,512465.0,300.0,59285.0,220.0,26017.0,181.0,224112.0,315.0,108122.0,279.0,14944.0,165.0,2031376.0,592.0,314969.0,441.0,176965.0,371.0,1213514.0,645.0
29,100,1,inf,615.0,16.0,183.0,19.0,4854.0,48.0,1504.0,48.0,255.0,32.0,96186.0,126.0,8021.0,92.0,2563.0,79.0,44446.0,155.0,24459.0,144.0,2234.0,78.0,513392.0,300.0,52685.0,218.0,25848.0,181.0,251919.0,319.0,107892.0,279.0,11573.0,163.0,2097807.0,595.0,312743.0,441.0,148462.0,368.0,1250098.0,648.0
30,100,5,1,617.0,16.0,219.0,19.0,4907.0,48.0,1460.0,48.0,259.0,32.0,96324.0,126.0,6682.0,91.0,3018.0,79.0,47362.0,156.0,21885.0,143.0,1906.0,78.0,501656.0,299.0,57544.0,219.0,25444.0,181.0,233766.0,316.0,102849.0,278.0,13139.0,163.0,2105331.0,595.0,331862.0,443.0,162436.0,368.0,1298992.0,649.0
31,100,5,2,615.0,16.0,180.0,19.0,4894.0,48.0,1046.0,47.0,265.0,32.0,96298.0,126.0,7286.0,91.0,2586.0,78.0,48828.0,156.0,18572.0,141.0,2593.0,79.0,513143.0,300.0,55432.0,219.0,25802.0,181.0,247848.0,318.0,90004.0,276.0,12972.0,164.0,2086882.0,595.0,358736.0,445.0,153598.0,368.0,1230620.0,646.0
32,100,5,3,615.0,16.0,214.0,19.0,4860.0,48.0,983.0,47.0,149.0,32.0,96186.0,126.0,8362.0,92.0,2996.0,79.0,40539.0,154.0,20090.0,142.0,1810.0,77.0,513797.0,300.0,46328.0,217.0,25965.0,182.0,221173.0,317.0,103880.0,280.0,14149.0,164.0,2067716.0,594.0,345447.0,444.0,185742.0,373.0,1208444.0,646.0
33,100,5,4,615.0,16.0,246.0,19.0,5007.0,48.0,1321.0,48.0,195.0,32.0,96186.0,126.0,5975.0,90.0,2263.0,78.0,41659.0,155.0,21010.0,142.0,2210.0,78.0,512638.0,300.0,49910.0,218.0,27245.0,181.0,248904.0,319.0,101045.0,277.0,14715.0,164.0,2110340.0,596.0,353969.0,445.0,163596.0,371.0,1286384.0,649.0
34,100,5,5,621.0,16.0,181.0,19.0,4886.0,48.0,1479.0,48.0,265.0,32.0,96324.0,126.0,6393.0,91.0,3199.0,79.0,38036.0,154.0,21733.0,142.0,2192.0,78.0,522081.0,301.0,65293.0,221.0,23494.0,181.0,221591.0,315.0,95980.0,276.0,13576.0,163.0,2087151.0,595.0,323068.0,442.0,195031.0,375.0,1199132.0,645.0
35,100,5,inf,615.0,16.0,214.0,19.0,5089.0,48.0,1371.0,48.0,303.0,32.0,96422.0,126.0,7212.0,91.0,2584.0,78.0,38209.0,154.0,24798.0,143.0,2566.0,78.0,522643.0,301.0,44722.0,216.0,25265.0,181.0,219857.0,316.0,93603.0,277.0,11458.0,163.0,2129275.0,596.0,358697.0,447.0,163191.0,370.0,1230431.0,647.0
36,100,10,1,620.0,16.0,274.0,19.0,5121.0,48.0,1533.0,48.0,480.0,33.0,96279.0,126.0,7837.0,92.0,3124.0,78.0,43651.0,155.0,22236.0,142.0,1472.0,77.0,511776.0,300.0,51537.0,218.0,21817.0,180.0,238136.0,319.0,94117.0,275.0,11559.0,163.0,2110414.0,596.0,327718.0,442.0,182821.0,374.0,1282359.0,649.0
37,100,10,2,623.0,16.0,242.0,19.0,4888.0,48.0,1041.0,47.0,273.0,32.0,96234.0,126.0,6609.0,91.0,3255.0,79.0,42981.0,155.0,26240.0,144.0,2139.0,78.0,515833.0,300.0,60167.0,219.0,19706.0,179.0,231982.0,318.0,85927.0,273.0,14222.0,164.0,2090220.0,595.0,379870.0,448.0,158760.0,369.0,1279292.0,648.0
38,100,10,3,615.0,16.0,228.0,19.0,5079.0,48.0,1066.0,47.0,388.0,32.0,96405.0,126.0,6644.0,91.0,2613.0,78.0,42063.0,154.0,22510.0,143.0,1562.0,77.0,523341.0,301.0,50268.0,217.0,23692.0,181.0,223695.0,317.0,101488.0,278.0,15108.0,165.0,2077978.0,594.0,342312.0,443.0,183181.0,372.0,1196176.0,646.0
39,100,10,4,615.0,16.0,248.0,19.0,4935.0,48.0,1785.0,48.0,295.0,32.0,96286.0,126.0,7458.0,91.0,2157.0,78.0,40905.0,155.0,24504.0,143.0,1531.0,77.0,512566.0,300.0,57132.0,220.0,26974.0,181.0,235330.0,317.0,105741.0,278.0,13641.0,165.0,2159205.0,598.0,365565.0,447.0,177085.0,372.0,1322654.0,650.0
40,100,10,5,618.0,16.0,199.0,19.0,5006.0,48.0,1417.0,48.0,339.0,32.0,96770.0,126.0,6934.0,91.0,3268.0,79.0,39634.0,154.0,20106.0,142.0,2364.0,78.0,499706.0,299.0,51319.0,218.0,23326.0,180.0,274220.0,321.0,114701.0,280.0,16166.0,165.0,2085359.0,595.0,376695.0,447.0,172139.0,370.0,1258976.0,649.0
41,100,10,inf,618.0,16.0,240.0,19.0,4957.0,48.0,1656.0,48.0,270.0,32.0,96298.0,126.0,8378.0,92.0,2479.0,78.0,42112.0,155.0,22479.0,143.0,1641.0,77.0,512590.0,300.0,47291.0,217.0,18676.0,179.0,225796.0,317.0,108049.0,279.0,15445.0,165.0,2129481.0,597.0,356858.0,445.0,163350.0,370.0,1121381.0,642.0
42,100,15,1,624.0,16.0,262.0,19.0,4954.0,48.0,1657.0,48.0,724.0,33.0,96290.0,126.0,7314.0,91.0,3035.0,79.0,45180.0,156.0,18002.0,141.0,2696.0,78.0,534879.0,302.0,58797.0,220.0,24161.0,179.0,252245.0,320.0,93036.0,276.0,13003.0,164.0,2135529.0,597.0,357882.0,445.0,183912.0,371.0,1241597.0,648.0
43,100,15,2,745.0,16.0,303.0,19.0,4957.0,48.0,1619.0,48.0,576.0,33.0,96531.0,126.0,6763.0,91.0,3313.0,79.0,43406.0,155.0,21884.0,143.0,2355.0,78.0,511146.0,300.0,63202.0,221.0,19937.0,180.0,270754.0,322.0,96339.0,278.0,13982.0,165.0,2099811.0,595.0,360569.0,445.0,170535.0,368.0,1190935.0,644.0
44,100,15,3,621.0,16.0,287.0,19.0,5108.0,48.0,1476.0,48.0,401.0,32.0,96365.0,126.0,7267.0,91.0,3464.0,79.0,38193.0,154.0,24950.0,143.0,1870.0,78.0,511937.0,300.0,51408.0,218.0,23835.0,181.0,271191.0,321.0,96338.0,276.0,14529.0,164.0,2069345.0,594.0,394776.0,449.0,175065.0,371.0,1231708.0,648.0
45,100,15,4,626.0,16.0,224.0,19.0,4899.0,48.0,1600.0,48.0,294.0,32.0,96266.0,126.0,6210.0,90.0,4419.0,80.0,49692.0,157.0,21871.0,142.0,2375.0,78.0,524800.0,301.0,57349.0,219.0,24427.0,180.0,242487.0,319.0,85213.0,275.0,14319.0,165.0,2051986.0,593.0,344582.0,443.0,144602.0,365.0,1198427.0,643.0
46,100,15,5,617.0,16.0,314.0,19.0,5005.0,48.0,1508.0,48.0,319.0,32.0,96253.0,126.0,5779.0,90.0,3744.0,79.0,40335.0,154.0,24515.0,143.0,2315.0,78.0,523051.0,301.0,51475.0,217.0,29509.0,182.0,224221.0,317.0,90647.0,277.0,10034.0,162.0,2114083.0,596.0,315351.0,440.0,168117.0,369.0,1211300.0,644.0
47,100,15,inf,617.0,16.0,267.0,19.0,5019.0,48.0,1601.0,48.0,643.0,33.0,96761.0,126.0,5860.0,90.0,3368.0,79.0,49995.0,157.0,24267.0,143.0,2598.0,78.0,511277.0,300.0,50133.0,218.0,26815.0,182.0,225090.0,315.0,95427.0,277.0,10898.0,162.0,2138572.0,597.0,320675.0,442.0,163298.0,369.0,1240651.0,648.0
48,300,1,1,615.0,16.0,200.0,19.0,4871.0,48.0,1277.0,48.0,195.0,32.0,96350.0,126.0,6305.0,91.0,2305.0,78.0,39742.0,154.0,25232.0,144.0,2375.0,78.0,523508.0,301.0,51594.0,218.0,25420.0,181.0,226522.0,316.0,97958.0,277.0,13499.0,164.0,2067030.0,594.0,341603.0,443.0,168437.0,370.0,1266071.0,648.0
49,300,1,2,615.0,16.0,150.0,19.0,5118.0,48.0,777.0,47.0,200.0,32.0,96221.0,126.0,4349.0,89.0,1825.0,78.0,43867.0,156.0,22981.0,143.0,2151.0,78.0,499642.0,299.0,67002.0,221.0,25547.0,181.0,223061.0,316.0,97024.0,277.0,12489.0,164.0,2080087.0,594.0,336709.0,443.0,185215.0,373.0,1178600.0,642.0
50,300,1,3,615.0,16.0,152.0,19.0,4877.0,48.0,1372.0,48.0,164.0,32.0,96538.0,126.0,6678.0,91.0,2302.0,78.0,43169.0,155.0,23851.0,143.0,1322.0,77.0,514852.0,300.0,56086.0,219.0,24920.0,181.0,235675.0,317.0,107731.0,278.0,14502.0,165.0,2181534.0,599.0,425826.0,451.0,204922.0,374.0,1242395.0,646.0
51,300,1,4,620.0,16.0,139.0,19.0,4883.0,48.0,1413.0,48.0,146.0,32.0,96538.0,126.0,6525.0,91.0,2710.0,78.0,44883.0,156.0,18958.0,142.0,1360.0,77.0,500457.0,299.0,44585.0,216.0,22014.0,180.0,255455.0,321.0,101830.0,279.0,12146.0,163.0,2074998.0,594.0,356957.0,446.0,198292.0,373.0,1218549.0,646.0
52,300,1,5,615.0,16.0,183.0,19.0,4871.0,48.0,1692.0,48.0,135.0,32.0,96263.0,126.0,6720.0,91.0,3291.0,79.0,38082.0,154.0,20593.0,142.0,2492.0,78.0,520218.0,301.0,46348.0,217.0,26533.0,181.0,251911.0,319.0,106742.0,278.0,11754.0,163.0,2057797.0,593.0,351685.0,444.0,150363.0,368.0,1172008.0,644.0
53,300,1,inf,615.0,16.0,151.0,19.0,4863.0,48.0,1482.0,48.0,436.0,33.0,96315.0,126.0,6843.0,91.0,3482.0,79.0,45915.0,156.0,21430.0,142.0,2061.0,78.0,513081.0,300.0,63060.0,220.0,22937.0,181.0,225240.0,317.0,87194.0,274.0,12428.0,164.0,2114677.0,596.0,366280.0,445.0,176524.0,370.0,1211945.0,646.0
54,300,5,1,620.0,16.0,228.0,19.0,5012.0,48.0,1399.0,48.0,246.0,32.0,96358.0,126.0,6575.0,91.0,2210.0,78.0,41124.0,155.0,24230.0,143.0,1845.0,78.0,524123.0,301.0,51189.0,218.0,25880.0,180.0,249306.0,318.0,96136.0,277.0,11999.0,163.0,2070610.0,594.0,325036.0,441.0,169933.0,370.0,1248307.0,647.0
55,300,5,2,617.0,16.0,216.0,19.0,4913.0,48.0,1392.0,48.0,200.0,32.0,96283.0,126.0,5185.0,90.0,3125.0,79.0,38868.0,154.0,28662.0,145.0,1730.0,78.0,523406.0,301.0,71392.0,222.0,19934.0,179.0,210221.0,315.0,97842.0,278.0,13883.0,164.0,2067942.0,594.0,366453.0,446.0,178047.0,373.0,1301488.0,651.0
56,300,5,3,615.0,16.0,180.0,19.0,4934.0,48.0,1494.0,48.0,177.0,32.0,96244.0,126.0,6622.0,91.0,3675.0,80.0,46913.0,156.0,20838.0,142.0,1541.0,77.0,512775.0,300.0,51579.0,218.0,28052.0,182.0,245055.0,318.0,94513.0,276.0,15238.0,166.0,2028545.0,592.0,344599.0,444.0,161277.0,369.0,1185073.0,644.0
57,300,5,4,615.0,16.0,178.0,19.0,4882.0,48.0,1536.0,48.0,143.0,32.0,96867.0,126.0,5403.0,90.0,2543.0,78.0,44371.0,155.0,20803.0,142.0,1895.0,78.0,500377.0,299.0,49101.0,217.0,22738.0,180.0,234555.0,317.0,96572.0,278.0,10790.0,162.0,2065938.0,594.0,356556.0,446.0,154931.0,368.0,1272503.0,647.0
58,300,5,5,615.0,16.0,232.0,19.0,4918.0,48.0,1367.0,48.0,218.0,32.0,96198.0,126.0,6415.0,91.0,2205.0,78.0,48390.0,157.0,25731.0,144.0,1566.0,77.0,500922.0,299.0,53938.0,219.0,23620.0,180.0,226151.0,316.0,91696.0,277.0,11892.0,163.0,2098802.0,595.0,298104.0,439.0,176056.0,372.0,1172258.0,642.0
59,300,5,inf,615.0,16.0,214.0,19.0,4907.0,48.0,1392.0,48.0,241.0,32.0,96198.0,126.0,7011.0,91.0,2957.0,79.0,40954.0,154.0,16341.0,140.0,1471.0,77.0,512561.0,300.0,50940.0,218.0,29083.0,182.0,226492.0,317.0,101358.0,277.0,14842.0,165.0,2131422.0,597.0,379244.0,448.0,184777.0,372.0,1237687.0,648.0
60,300,10,1,618.0,16.0,221.0,19.0,4922.0,48.0,1630.0,48.0,553.0,33.0,101350.0,127.0,7976.0,92.0,2316.0,78.0,35040.0,153.0,18233.0,141.0,1406.0,77.0,510973.0,300.0,48157.0,217.0,20382.0,179.0,226608.0,317.0,92390.0,275.0,13109.0,164.0,2069220.0,594.0,311500.0,441.0,167801.0,369.0,1297977.0,651.0
61,300,10,2,624.0,16.0,223.0,19.0,4875.0,48.0,1897.0,48.0,255.0,32.0,96347.0,126.0,6782.0,90.0,2831.0,79.0,40148.0,154.0,20819.0,142.0,1551.0,77.0,511633.0,300.0,55295.0,219.0,27198.0,181.0,235598.0,318.0,98271.0,278.0,13080.0,163.0,2163997.0,598.0,291897.0,438.0,151181.0,368.0,1136264.0,641.0
62,300,10,3,615.0,16.0,230.0,19.0,4934.0,48.0,1660.0,48.0,277.0,32.0,96371.0,126.0,4821.0,89.0,3219.0,79.0,37351.0,154.0,23503.0,143.0,1965.0,77.0,514094.0,300.0,51848.0,218.0,27445.0,181.0,222623.0,316.0,95805.0,277.0,14326.0,164.0,2094476.0,595.0,354988.0,445.0,165472.0,369.0,1241925.0,646.0
63,300,10,4,621.0,16.0,276.0,19.0,4976.0,48.0,1627.0,48.0,491.0,33.0,96280.0,126.0,7144.0,91.0,3654.0,79.0,43319.0,155.0,23525.0,143.0,2199.0,77.0,510595.0,300.0,43900.0,215.0,26512.0,182.0,242746.0,318.0,100298.0,277.0,17903.0,167.0,2091946.0,595.0,353211.0,444.0,160526.0,369.0,1192258.0,646.0
64,300,10,5,626.0,16.0,322.0,19.0,4965.0,48.0,1107.0,47.0,290.0,32.0,96329.0,126.0,6855.0,91.0,2541.0,79.0,41661.0,155.0,24004.0,143.0,2262.0,78.0,521942.0,301.0,64733.0,220.0,20904.0,180.0,252613.0,319.0,93014.0,276.0,14051.0,164.0,2132590.0,597.0,329175.0,443.0,165636.0,370.0,1213314.0,647.0
65,300,10,inf,624.0,16.0,303.0,19.0,4928.0,48.0,1772.0,48.0,326.0,32.0,96279.0,126.0,7259.0,91.0,3452.0,79.0,49404.0,157.0,24514.0,144.0,2180.0,78.0,513792.0,300.0,52459.0,218.0,24262.0,181.0,237052.0,318.0,101035.0,278.0,16345.0,165.0,2115577.0,596.0,322405.0,440.0,172229.0,372.0,1387656.0,655.0
66,300,15,1,624.0,16.0,235.0,19.0,5107.0,48.0,1768.0,48.0,684.0,33.0,100969.0,127.0,8808.0,92.0,2549.0,78.0,39909.0,154.0,23160.0,143.0,2121.0,78.0,514854.0,300.0,47691.0,217.0,20314.0,179.0,237685.0,318.0,96016.0,276.0,14857.0,164.0,2054806.0,593.0,346894.0,445.0,174495.0,372.0,1264956.0,649.0
67,300,15,2,623.0,16.0,258.0,19.0,4978.0,48.0,1795.0,48.0,597.0,33.0,96347.0,126.0,6146.0,90.0,3547.0,79.0,45987.0,156.0,21701.0,143.0,2702.0,78.0,503784.0,299.0,45047.0,216.0,28457.0,182.0,232396.0,317.0,86140.0,275.0,11287.0,163.0,2121427.0,596.0,337322.0,445.0,186290.0,372.0,1211975.0,645.0
68,300,15,3,632.0,16.0,332.0,19.0,5020.0,48.0,1546.0,48.0,463.0,32.0,96703.0,126.0,6901.0,91.0,3229.0,78.0,42406.0,155.0,28640.0,144.0,1778.0,77.0,525064.0,301.0,55599.0,218.0,21298.0,180.0,249976.0,320.0,93094.0,276.0,15591.0,166.0,2117155.0,595.0,404446.0,449.0,137686.0,367.0,1120342.0,641.0
69,300,15,4,621.0,16.0,273.0,19.0,5071.0,48.0,1507.0,48.0,371.0,32.0,96537.0,126.0,7948.0,91.0,2696.0,79.0,43335.0,155.0,27898.0,145.0,1879.0,77.0,527017.0,301.0,53899.0,218.0,25661.0,180.0,246187.0,319.0,116509.0,280.0,14773.0,165.0,2072997.0,594.0,343518.0,443.0,159667.0,369.0,1105383.0,640.0
70,300,15,5,635.0,16.0,277.0,19.0,5062.0,48.0,1612.0,48.0,724.0,33.0,96548.0,126.0,7573.0,92.0,3569.0,79.0,45045.0,156.0,24050.0,143.0,1738.0,77.0,523725.0,301.0,49458.0,217.0,30087.0,183.0,227122.0,317.0,94817.0,278.0,14053.0,164.0,2117186.0,596.0,387993.0,450.0,178521.0,372.0,1231372.0,648.0
71,300,15,inf,615.0,16.0,240.0,19.0,5202.0,48.0,1485.0,48.0,374.0,32.0,96672.0,126.0,6707.0,91.0,3180.0,79.0,38778.0,154.0,21263.0,142.0,1774.0,77.0,525620.0,301.0,46775.0,217.0,23762.0,180.0,237523.0,318.0,98172.0,276.0,13541.0,164.0,2102510.0,595.0,320946.0,442.0,163325.0,371.0,1197082.0,646.0
72,500,1,1,615.0,16.0,142.0,19.0,4874.0,48.0,1374.0,48.0,175.0,32.0,96287.0,126.0,7631.0,91.0,2301.0,78.0,43796.0,155.0,25384.0,144.0,1146.0,77.0,523290.0,301.0,50724.0,218.0,27143.0,182.0,238628.0,317.0,94605.0,277.0,13971.0,165.0,2049947.0,593.0,338990.0,444.0,157859.0,369.0,1135686.0,642.0
73,500,1,2,615.0,16.0,201.0,19.0,4968.0,48.0,1406.0,48.0,212.0,32.0,96534.0,126.0,6304.0,91.0,2312.0,78.0,41647.0,155.0,21366.0,143.0,1459.0,77.0,512983.0,300.0,50221.0,217.0,24393.0,181.0,234715.0,317.0,98266.0,277.0,11837.0,163.0,2077773.0,594.0,301197.0,440.0,168916.0,371.0,1283908.0,648.0
74,500,1,3,615.0,16.0,182.0,19.0,4878.0,48.0,1500.0,48.0,134.0,32.0,96186.0,126.0,8498.0,92.0,1920.0,78.0,43401.0,155.0,28863.0,145.0,2160.0,78.0,501450.0,299.0,49629.0,218.0,22725.0,180.0,240043.0,318.0,113514.0,279.0,11592.0,164.0,2101358.0,595.0,348643.0,444.0,171747.0,371.0,1129926.0,641.0
75,500,1,4,615.0,16.0,195.0,19.0,4881.0,48.0,1289.0,48.0,202.0,32.0,96186.0,126.0,6662.0,91.0,1976.0,78.0,42437.0,155.0,26855.0,144.0,1370.0,77.0,524773.0,301.0,53565.0,218.0,22282.0,181.0,190903.0,312.0,105462.0,278.0,14275.0,164.0,2119980.0,596.0,333923.0,442.0,162712.0,368.0,1226637.0,648.0
76,500,1,5,615.0,16.0,186.0,19.0,4932.0,48.0,1044.0,47.0,194.0,32.0,101027.0,127.0,6413.0,91.0,2132.0,78.0,43152.0,155.0,28816.0,145.0,1688.0,77.0,512573.0,300.0,59993.0,220.0,21530.0,180.0,227107.0,317.0,93771.0,275.0,14281.0,165.0,2125154.0,596.0,340821.0,444.0,166111.0,370.0,1281968.0,652.0
77,500,1,inf,615.0,16.0,210.0,19.0,5014.0,48.0,980.0,47.0,142.0,32.0,96247.0,126.0,6845.0,91.0,3576.0,79.0,43142.0,156.0,25628.0,144.0,1846.0,78.0,511128.0,300.0,59051.0,219.0,20958.0,179.0,218459.0,315.0,84632.0,276.0,13658.0,163.0,2142940.0,597.0,316247.0,441.0,154730.0,369.0,1183383.0,646.0
78,500,5,1,615.0,16.0,208.0,19.0,4908.0,48.0,898.0,47.0,192.0,32.0,96266.0,126.0,9685.0,93.0,2432.0,78.0,41228.0,155.0,21284.0,142.0,1703.0,78.0,523349.0,301.0,45809.0,217.0,22386.0,180.0,218119.0,316.0,97085.0,276.0,12477.0,164.0,2060519.0,594.0,312550.0,441.0,137678.0,366.0,1348716.0,653.0
79,500,5,2,621.0,16.0,197.0,19.0,4930.0,48.0,1446.0,48.0,286.0,32.0,96328.0,126.0,6573.0,91.0,3560.0,79.0,43866.0,156.0,22224.0,143.0,1389.0,77.0,513464.0,300.0,57365.0,219.0,21509.0,179.0,212223.0,315.0,95524.0,277.0,11672.0,163.0,2105132.0,596.0,333152.0,443.0,158367.0,370.0,1253828.0,649.0
80,500,5,3,615.0,16.0,155.0,19.0,4881.0,48.0,1446.0,48.0,304.0,32.0,96470.0,126.0,6300.0,91.0,2648.0,78.0,43698.0,155.0,23590.0,143.0,2082.0,78.0,525037.0,301.0,57745.0,219.0,25886.0,181.0,240818.0,318.0,107816.0,278.0,15565.0,166.0,2084001.0,594.0,346399.0,444.0,163924.0,369.0,1221915.0,646.0
81,500,5,4,623.0,16.0,204.0,19.0,4873.0,48.0,1470.0,48.0,199.0,32.0,96372.0,126.0,6742.0,91.0,3291.0,79.0,35131.0,153.0,22825.0,143.0,1159.0,77.0,501777.0,299.0,48954.0,217.0,24593.0,180.0,227203.0,317.0,100092.0,277.0,12156.0,164.0,2165060.0,598.0,319275.0,443.0,164508.0,370.0,1163978.0,643.0
82,500,5,5,615.0,16.0,214.0,19.0,4899.0,48.0,1438.0,48.0,429.0,33.0,96311.0,126.0,6949.0,91.0,2607.0,78.0,48326.0,157.0,18099.0,141.0,1839.0,78.0,509942.0,300.0,57637.0,220.0,25094.0,181.0,223943.0,317.0,100410.0,277.0,17520.0,165.0,2094896.0,595.0,363012.0,446.0,170807.0,371.0,1237209.0,648.0
83,500,5,inf,615.0,16.0,216.0,19.0,4994.0,48.0,1156.0,47.0,202.0,32.0,96221.0,126.0,4403.0,89.0,2678.0,78.0,39136.0,155.0,21720.0,142.0,1827.0,78.0,511688.0,300.0,53995.0,218.0,26145.0,181.0,224774.0,316.0,95657.0,276.0,12433.0,163.0,2057115.0,593.0,345381.0,443.0,171213.0,372.0,1185871.0,645.0
84,500,10,1,624.0,16.0,249.0,19.0,5054.0,48.0,1599.0,48.0,233.0,32.0,96388.0,126.0,6484.0,91.0,2950.0,78.0,39625.0,155.0,21736.0,142.0,1532.0,77.0,499811.0,299.0,50884.0,218.0,22322.0,181.0,246148.0,319.0,102043.0,276.0,12746.0,164.0,2090655.0,595.0,353498.0,445.0,167378.0,371.0,1172587.0,645.0
85,500,10,2,615.0,16.0,247.0,19.0,4975.0,48.0,1445.0,48.0,323.0,32.0,96439.0,126.0,8420.0,92.0,3599.0,79.0,42573.0,155.0,30059.0,145.0,1742.0,78.0,523441.0,301.0,45617.0,216.0,27154.0,182.0,230809.0,317.0,94619.0,276.0,14543.0,164.0,2093637.0,595.0,309476.0,440.0,145156.0,368.0,1290111.0,651.0
86,500,10,3,620.0,16.0,196.0,19.0,4984.0,48.0,1756.0,48.0,390.0,32.0,96523.0,126.0,8395.0,92.0,2498.0,78.0,37617.0,154.0,21994.0,143.0,1539.0,77.0,510803.0,300.0,46047.0,216.0,19452.0,179.0,233372.0,318.0,92525.0,276.0,15097.0,164.0,2120493.0,596.0,387499.0,448.0,166888.0,371.0,1220037.0,647.0
87,500,10,4,628.0,16.0,238.0,19.0,4938.0,48.0,1762.0,48.0,368.0,32.0,96551.0,126.0,6566.0,91.0,2863.0,79.0,42506.0,155.0,20366.0,142.0,1874.0,77.0,514331.0,300.0,51704.0,218.0,27366.0,181.0,222315.0,317.0,103159.0,278.0,14675.0,166.0,2049197.0,593.0,385765.0,447.0,152950.0,370.0,1136722.0,643.0
88,500,10,5,618.0,16.0,280.0,19.0,4914.0,48.0,1056.0,47.0,541.0,33.0,96783.0,126.0,6362.0,90.0,3135.0,79.0,51826.0,157.0,23180.0,143.0,1639.0,77.0,524433.0,301.0,63251.0,221.0,23797.0,180.0,253854.0,319.0,91701.0,277.0,12812.0,163.0,2095354.0,595.0,348567.0,444.0,150879.0,367.0,1210979.0,646.0
89,500,10,inf,620.0,16.0,279.0,19.0,4881.0,48.0,1597.0,48.0,369.0,32.0,96357.0,126.0,7057.0,91.0,2413.0,78.0,42077.0,155.0,23070.0,143.0,1594.0,77.0,513228.0,300.0,60955.0,219.0,25117.0,180.0,246347.0,319.0,98292.0,278.0,12668.0,164.0,2117239.0,596.0,349061.0,444.0,169665.0,372.0,1254189.0,649.0
90,500,15,1,627.0,16.0,311.0,19.0,4999.0,48.0,1507.0,48.0,536.0,33.0,96245.0,126.0,7835.0,92.0,3125.0,79.0,44584.0,156.0,21952.0,142.0,2201.0,78.0,513807.0,300.0,55994.0,219.0,19878.0,179.0,228933.0,317.0,86568.0,274.0,13448.0,164.0,2088035.0,595.0,358762.0,445.0,160098.0,370.0,1144266.0,642.0
91,500,15,2,618.0,16.0,288.0,19.0,4992.0,48.0,1787.0,48.0,630.0,33.0,96637.0,126.0,7774.0,91.0,3376.0,79.0,44218.0,155.0,26640.0,144.0,2195.0,78.0,535414.0,302.0,56099.0,219.0,22248.0,180.0,244912.0,319.0,95157.0,277.0,13314.0,164.0,2016116.0,592.0,363005.0,444.0,162371.0,369.0,1272627.0,650.0
92,500,15,3,659.0,16.0,235.0,19.0,5164.0,48.0,1807.0,48.0,504.0,33.0,96536.0,126.0,8012.0,92.0,3495.0,79.0,40712.0,154.0,21672.0,142.0,2262.0,78.0,523508.0,301.0,61972.0,220.0,19237.0,179.0,232585.0,317.0,93210.0,276.0,12315.0,163.0,2123997.0,596.0,337594.0,444.0,166500.0,369.0,1228294.0,647.0
93,500,15,4,624.0,16.0,288.0,19.0,5047.0,48.0,1640.0,48.0,334.0,32.0,96913.0,126.0,6633.0,91.0,3361.0,79.0,39798.0,154.0,22738.0,143.0,2197.0,78.0,524541.0,301.0,58644.0,219.0,25084.0,180.0,242332.0,318.0,102701.0,279.0,16796.0,166.0,2127232.0,597.0,342091.0,443.0,191431.0,373.0,1228756.0,646.0
94,500,15,5,625.0,16.0,229.0,19.0,5176.0,48.0,1666.0,48.0,346.0,32.0,96558.0,126.0,5599.0,90.0,2532.0,78.0,49465.0,157.0,21156.0,141.0,2581.0,78.0,535091.0,302.0,55638.0,219.0,22411.0,179.0,239417.0,318.0,101664.0,277.0,13277.0,164.0,2084761.0,595.0,331826.0,443.0,160498.0,370.0,1285335.0,650.0
95,500,15,inf,633.0,16.0,239.0,19.0,5072.0,48.0,1659.0,48.0,611.0,33.0,96455.0,126.0,8828.0,92.0,3189.0,79.0,41901.0,154.0,25585.0,144.0,2487.0,78.0,525553.0,301.0,48959.0,217.0,22623.0,180.0,223733.0,317.0,94728.0,276.0,12437.0,163.0,2119230.0,596.0,330513.0,444.0,174262.0,371.0,1202117.0,644.0
96,750,1,1,615.0,16.0,170.0,19.0,4854.0,48.0,1358.0,48.0,145.0,32.0,96696.0,126.0,5566.0,90.0,2195.0,78.0,39676.0,154.0,21884.0,142.0,1234.0,77.0,511113.0,300.0,52661.0,218.0,29339.0,182.0,239802.0,318.0,94870.0,276.0,14781.0,165.0,2045135.0,593.0,372246.0,446.0,144935.0,369.0,1253852.0,650.0
97,750,1,2,615.0,16.0,192.0,19.0,4854.0,48.0,923.0,47.0,188.0,32.0,96279.0,126.0,6652.0,91.0,2153.0,78.0,39032.0,154.0,19759.0,142.0,2101.0,78.0,520732.0,301.0,52161.0,218.0,23442.0,180.0,252120.0,320.0,104896.0,278.0,15176.0,165.0,2025409.0,592.0,344897.0,444.0,176759.0,372.0,1156972.0,644.0
98,750,1,3,615.0,16.0,194.0,19.0,4871.0,48.0,1322.0,48.0,221.0,32.0,96450.0,126.0,6536.0,91.0,3013.0,79.0,44048.0,156.0,19903.0,142.0,1326.0,77.0,512516.0,300.0,48418.0,217.0,33080.0,183.0,239704.0,317.0,89938.0,275.0,16443.0,165.0,2103983.0,596.0,372370.0,446.0,167759.0,372.0,1132433.0,643.0
99,750,1,4,615.0,16.0,186.0,19.0,5045.0,48.0,1431.0,48.0,293.0,32.0,96347.0,126.0,5743.0,90.0,2805.0,79.0,37341.0,154.0,20063.0,142.0,1115.0,77.0,511596.0,300.0,49766.0,218.0,28466.0,182.0,218271.0,316.0,101304.0,278.0,16459.0,165.0,2159858.0,598.0,350104.0,444.0,170178.0,371.0,1285709.0,649.0
100,750,1,5,615.0,16.0,197.0,19.0,4931.0,48.0,1450.0,48.0,133.0,32.0,96289.0,126.0,5945.0,91.0,3073.0,79.0,41817.0,155.0,24929.0,144.0,2197.0,78.0,523981.0,301.0,56636.0,219.0,23125.0,180.0,251765.0,320.0,88435.0,275.0,12897.0,163.0,2082201.0,594.0,361204.0,445.0,170402.0,370.0,1202414.0,645.0
101,750,1,inf,615.0,16.0,200.0,19.0,4869.0,48.0,1444.0,48.0,166.0,32.0,101060.0,127.0,6904.0,91.0,2544.0,79.0,42927.0,155.0,16804.0,140.0,1741.0,78.0,515210.0,300.0,47064.0,217.0,25319.0,181.0,233573.0,318.0,91980.0,276.0,13024.0,164.0,2108685.0,596.0,289591.0,438.0,170330.0,369.0,1227689.0,648.0
102,750,5,1,615.0,16.0,223.0,19.0,5011.0,48.0,1357.0,48.0,235.0,32.0,96235.0,126.0,4493.0,89.0,2354.0,78.0,40547.0,155.0,21587.0,142.0,1831.0,77.0,512231.0,300.0,50280.0,218.0,23266.0,180.0,219295.0,317.0,105871.0,279.0,13514.0,164.0,2104422.0,596.0,305897.0,439.0,172238.0,371.0,1295447.0,650.0
103,750,5,2,615.0,16.0,211.0,19.0,4876.0,48.0,1426.0,48.0,258.0,32.0,96339.0,126.0,4866.0,90.0,2554.0,78.0,43895.0,156.0,21851.0,142.0,1848.0,78.0,499772.0,299.0,55502.0,219.0,18961.0,178.0,268477.0,320.0,98329.0,277.0,16123.0,166.0,2107609.0,596.0,356688.0,444.0,173041.0,371.0,1226200.0,648.0
104,750,5,3,617.0,16.0,200.0,19.0,4971.0,48.0,1573.0,48.0,236.0,32.0,96304.0,126.0,7813.0,91.0,2026.0,78.0,47385.0,156.0,18213.0,141.0,1390.0,77.0,522398.0,301.0,49951.0,218.0,22108.0,180.0,229256.0,317.0,94015.0,276.0,12015.0,164.0,2101777.0,595.0,306136.0,441.0,168168.0,370.0,1217260.0,643.0
105,750,5,4,617.0,16.0,232.0,19.0,5001.0,48.0,900.0,47.0,209.0,32.0,96393.0,126.0,5165.0,90.0,2668.0,78.0,40992.0,155.0,25783.0,144.0,1483.0,77.0,511098.0,300.0,55671.0,218.0,25555.0,180.0,247588.0,319.0,98630.0,278.0,15852.0,165.0,2115212.0,596.0,360287.0,446.0,170332.0,370.0,1186049.0,643.0
106,750,5,5,615.0,16.0,235.0,19.0,4884.0,48.0,1502.0,48.0,273.0,32.0,96692.0,126.0,7005.0,91.0,2160.0,78.0,41130.0,155.0,20489.0,142.0,1437.0,77.0,535616.0,302.0,57914.0,219.0,26514.0,181.0,237192.0,318.0,107142.0,279.0,15605.0,165.0,2098496.0,595.0,348497.0,445.0,165605.0,371.0,1252317.0,647.0
107,750,5,inf,615.0,16.0,166.0,19.0,4948.0,48.0,1756.0,48.0,161.0,32.0,96491.0,126.0,6519.0,91.0,3364.0,79.0,44475.0,155.0,28995.0,145.0,1511.0,77.0,511100.0,300.0,49635.0,217.0,23652.0,181.0,259402.0,320.0,88217.0,275.0,11840.0,164.0,2090730.0,595.0,348678.0,444.0,166502.0,370.0,1226607.0,646.0
108,750,10,1,627.0,16.0,250.0,19.0,5017.0,48.0,1787.0,48.0,350.0,32.0,96384.0,126.0,8563.0,92.0,3787.0,80.0,38388.0,154.0,20800.0,142.0,2209.0,78.0,512548.0,300.0,52321.0,218.0,24429.0,181.0,250704.0,320.0,84014.0,275.0,13845.0,164.0,2044616.0,593.0,345263.0,444.0,175507.0,370.0,1193549.0,645.0
109,750,10,2,621.0,16.0,221.0,19.0,5171.0,48.0,1791.0,48.0,263.0,32.0,101292.0,127.0,6388.0,91.0,4387.0,80.0,38603.0,154.0,27666.0,144.0,2202.0,78.0,524362.0,301.0,65374.0,221.0,25941.0,181.0,238948.0,318.0,101259.0,278.0,14304.0,164.0,2096124.0,595.0,333677.0,442.0,181908.0,374.0,1263125.0,649.0
110,750,10,3,621.0,16.0,242.0,19.0,5039.0,48.0,1486.0,48.0,321.0,32.0,96429.0,126.0,5490.0,90.0,2862.0,78.0,45554.0,156.0,18268.0,141.0,2488.0,78.0,511805.0,300.0,63339.0,220.0,25882.0,181.0,227986.0,317.0,95462.0,278.0,13104.0,164.0,2126120.0,597.0,344631.0,444.0,176512.0,370.0,1232646.0,646.0
111,750,10,4,623.0,16.0,303.0,19.0,4962.0,48.0,1422.0,48.0,368.0,32.0,96347.0,126.0,6588.0,91.0,2470.0,78.0,44265.0,155.0,23748.0,143.0,2014.0,78.0,526556.0,301.0,50185.0,217.0,24512.0,180.0,255062.0,320.0,105950.0,279.0,12050.0,163.0,2094021.0,595.0,356378.0,445.0,156885.0,369.0,1254804.0,647.0
112,750,10,5,627.0,16.0,262.0,19.0,4937.0,48.0,1567.0,48.0,274.0,32.0,96289.0,126.0,7283.0,91.0,2877.0,79.0,41613.0,155.0,23644.0,143.0,1494.0,77.0,524844.0,301.0,58567.0,219.0,23204.0,181.0,224655.0,316.0,89971.0,276.0,14419.0,164.0,2083596.0,594.0,365955.0,447.0,167457.0,369.0,1301619.0,652.0
113,750,10,inf,628.0,16.0,281.0,19.0,4942.0,48.0,1524.0,48.0,299.0,32.0,96562.0,126.0,7312.0,91.0,3390.0,79.0,48058.0,156.0,23939.0,143.0,2342.0,78.0,523376.0,301.0,50512.0,218.0,24513.0,181.0,225773.0,317.0,94393.0,276.0,13194.0,164.0,2101227.0,595.0,380882.0,448.0,164844.0,369.0,1290209.0,651.0
114,750,15,1,624.0,16.0,311.0,19.0,4975.0,48.0,1691.0,48.0,289.0,32.0,96326.0,126.0,8475.0,92.0,3882.0,80.0,39243.0,154.0,26406.0,144.0,2964.0,78.0,513182.0,300.0,57329.0,219.0,22765.0,180.0,239990.0,318.0,101431.0,277.0,16371.0,165.0,2092011.0,595.0,357869.0,446.0,166629.0,370.0,1208459.0,643.0
115,750,15,2,618.0,16.0,293.0,19.0,5483.0,48.0,2055.0,48.0,423.0,32.0,96420.0,126.0,7311.0,91.0,3897.0,79.0,46446.0,156.0,21963.0,142.0,3554.0,79.0,523653.0,301.0,68117.0,222.0,24179.0,181.0,243347.0,317.0,103709.0,278.0,14261.0,164.0,2122099.0,596.0,320154.0,442.0,176851.0,372.0,1162503.0,644.0
116,750,15,3,632.0,16.0,276.0,19.0,4950.0,48.0,1593.0,48.0,325.0,32.0,96498.0,126.0,7510.0,91.0,3087.0,79.0,41263.0,155.0,27519.0,144.0,2483.0,78.0,515529.0,300.0,54125.0,218.0,26277.0,181.0,256842.0,320.0,88704.0,276.0,13898.0,164.0,2080178.0,594.0,337426.0,443.0,168869.0,371.0,1192876.0,646.0
117,750,15,4,624.0,16.0,262.0,19.0,5106.0,48.0,1789.0,48.0,667.0,33.0,96390.0,126.0,6020.0,90.0,3948.0,80.0,38436.0,154.0,26690.0,144.0,2482.0,79.0,498666.0,299.0,53326.0,218.0,21914.0,179.0,243340.0,318.0,113397.0,280.0,16258.0,166.0,2105717.0,596.0,324294.0,442.0,163179.0,368.0,1250767.0,646.0
118,750,15,5,635.0,16.0,229.0,19.0,4954.0,48.0,2022.0,48.0,311.0,32.0,96544.0,126.0,6332.0,90.0,3239.0,79.0,46107.0,156.0,25419.0,144.0,3736.0,79.0,500789.0,299.0,59639.0,221.0,25375.0,180.0,227230.0,317.0,86020.0,276.0,14750.0,164.0,2138562.0,597.0,330628.0,442.0,175162.0,370.0,1267688.0,648.0
119,750,15,inf,636.0,16.0,291.0,19.0,4987.0,48.0,1542.0,48.0,510.0,33.0,96621.0,126.0,6903.0,91.0,2148.0,78.0,41866.0,155.0,25794.0,144.0,1705.0,77.0,499519.0,299.0,56249.0,219.0,23163.0,180.0,221797.0,317.0,85720.0,275.0,17159.0,166.0,2128874.0,597.0,310003.0,442.0,185682.0,372.0,1312246.0,652.0
120,1000,1,1,615.0,16.0,177.0,19.0,4871.0,48.0,1460.0,48.0,162.0,32.0,96374.0,126.0,5808.0,90.0,2249.0,78.0,36554.0,153.0,20748.0,142.0,1113.0,77.0,510204.0,300.0,48879.0,218.0,22764.0,179.0,251461.0,320.0,103455.0,277.0,14683.0,165.0,2119502.0,596.0,364782.0,446.0,178576.0,371.0,1206585.0,646.0
121,1000,1,2,615.0,16.0,181.0,19.0,5053.0,48.0,1424.0,48.0,359.0,33.0,97023.0,126.0,6685.0,91.0,2541.0,78.0,42631.0,155.0,20025.0,142.0,1488.0,78.0,510697.0,300.0,49053.0,217.0,24194.0,180.0,234386.0,317.0,88953.0,275.0,16623.0,165.0,2058063.0,593.0,295767.0,439.0,153599.0,367.0,1177400.0,643.0
122,1000,1,3,615.0,16.0,239.0,19.0,4874.0,48.0,1317.0,48.0,137.0,32.0,96279.0,126.0,5272.0,90.0,2625.0,79.0,40562.0,155.0,21313.0,142.0,1979.0,78.0,511023.0,300.0,46444.0,216.0,22367.0,180.0,233099.0,317.0,87013.0,275.0,12429.0,164.0,2120404.0,596.0,339184.0,444.0,156791.0,368.0,1195733.0,645.0
123,1000,1,4,615.0,16.0,131.0,19.0,4881.0,48.0,1170.0,48.0,170.0,32.0,96254.0,126.0,7465.0,91.0,2969.0,79.0,34954.0,153.0,23197.0,143.0,1032.0,77.0,501656.0,299.0,46795.0,217.0,28498.0,182.0,241715.0,319.0,98728.0,276.0,14158.0,164.0,2048990.0,593.0,344729.0,443.0,154351.0,368.0,1232495.0,647.0
124,1000,1,5,615.0,16.0,190.0,19.0,4872.0,48.0,954.0,47.0,170.0,32.0,96186.0,126.0,6636.0,91.0,2602.0,79.0,44655.0,155.0,21559.0,142.0,762.0,76.0,533118.0,302.0,50923.0,218.0,20135.0,180.0,263190.0,321.0,86827.0,274.0,14922.0,164.0,2077743.0,595.0,314087.0,441.0,178798.0,373.0,1321858.0,650.0
125,1000,1,inf,615.0,16.0,172.0,19.0,4886.0,48.0,1557.0,48.0,125.0,32.0,96300.0,126.0,8628.0,92.0,2806.0,79.0,40039.0,154.0,21805.0,142.0,1158.0,77.0,512852.0,300.0,58873.0,219.0,24144.0,181.0,229124.0,317.0,113806.0,280.0,10720.0,162.0,2121493.0,596.0,380961.0,447.0,169627.0,371.0,1256799.0,648.0
126,1000,5,1,615.0,16.0,195.0,19.0,5370.0,48.0,1604.0,48.0,214.0,32.0,96516.0,126.0,7288.0,91.0,3276.0,79.0,45452.0,156.0,23178.0,143.0,2034.0,78.0,512752.0,300.0,56329.0,218.0,30246.0,182.0,228464.0,318.0,107665.0,278.0,13467.0,164.0,2100788.0,596.0,388885.0,448.0,147835.0,367.0,1218208.0,646.0
127,1000,5,2,621.0,16.0,202.0,19.0,4987.0,48.0,1380.0,48.0,553.0,33.0,102378.0,127.0,5626.0,90.0,4011.0,79.0,40290.0,154.0,22491.0,142.0,1730.0,78.0,522874.0,301.0,51375.0,218.0,18672.0,177.0,244068.0,319.0,79137.0,273.0,10403.0,162.0,2121067.0,596.0,395565.0,448.0,176792.0,371.0,1204735.0,643.0
128,1000,5,3,623.0,16.0,185.0,19.0,4945.0,48.0,1655.0,48.0,267.0,32.0,96435.0,126.0,8918.0,92.0,2472.0,78.0,43100.0,155.0,22405.0,143.0,2561.0,79.0,526715.0,301.0,49631.0,218.0,20546.0,178.0,228561.0,316.0,95960.0,277.0,13253.0,165.0,2110999.0,595.0,304036.0,438.0,160520.0,368.0,1217746.0,646.0
129,1000,5,4,623.0,16.0,291.0,19.0,4886.0,48.0,1448.0,48.0,157.0,32.0,96293.0,126.0,6332.0,91.0,2052.0,78.0,43139.0,155.0,23551.0,143.0,1923.0,77.0,523502.0,301.0,57101.0,219.0,22381.0,180.0,250153.0,319.0,86664.0,274.0,12051.0,163.0,2116042.0,596.0,334724.0,443.0,175901.0,370.0,1217496.0,646.0
130,1000,5,5,620.0,16.0,202.0,19.0,5100.0,48.0,1360.0,48.0,278.0,32.0,96315.0,126.0,6705.0,91.0,2205.0,78.0,42227.0,155.0,25395.0,144.0,1747.0,77.0,512887.0,300.0,58231.0,219.0,27106.0,181.0,225717.0,316.0,101784.0,277.0,15672.0,165.0,2140132.0,597.0,344624.0,444.0,161976.0,370.0,1183043.0,646.0
131,1000,5,inf,624.0,16.0,153.0,19.0,4992.0,48.0,1641.0,48.0,209.0,32.0,96634.0,126.0,6451.0,91.0,2897.0,79.0,43045.0,155.0,21509.0,142.0,1871.0,78.0,500965.0,299.0,42757.0,216.0,24051.0,181.0,217787.0,315.0,94663.0,276.0,12846.0,164.0,2134847.0,596.0,343252.0,442.0,166318.0,369.0,1110533.0,641.0
132,1000,10,1,632.0,16.0,240.0,19.0,4927.0,48.0,1426.0,48.0,310.0,32.0,96304.0,126.0,6773.0,91.0,2702.0,78.0,39081.0,154.0,28630.0,145.0,1864.0,78.0,521219.0,301.0,60333.0,220.0,21789.0,179.0,214426.0,315.0,92841.0,276.0,13734.0,164.0,2067643.0,594.0,339179.0,443.0,169976.0,370.0,1188564.0,644.0
133,1000,10,2,623.0,16.0,211.0,19.0,4965.0,48.0,1100.0,47.0,264.0,32.0,96388.0,126.0,7387.0,91.0,3882.0,79.0,42093.0,155.0,24576.0,143.0,1957.0,78.0,513960.0,300.0,43937.0,216.0,26130.0,180.0,235648.0,317.0,100984.0,276.0,12519.0,163.0,2103011.0,595.0,357780.0,445.0,178676.0,371.0,1289414.0,648.0
134,1000,10,3,630.0,16.0,310.0,19.0,4931.0,48.0,838.0,47.0,509.0,33.0,96551.0,126.0,5284.0,90.0,3399.0,79.0,38777.0,154.0,19224.0,141.0,1531.0,77.0,515263.0,300.0,49262.0,217.0,23568.0,180.0,208658.0,314.0,91223.0,276.0,13470.0,164.0,2094594.0,595.0,332588.0,443.0,188265.0,374.0,1321915.0,650.0
135,1000,10,4,627.0,16.0,262.0,19.0,4942.0,48.0,1541.0,48.0,325.0,32.0,96463.0,126.0,7164.0,91.0,3486.0,79.0,42923.0,155.0,20632.0,142.0,2030.0,78.0,500779.0,299.0,58642.0,219.0,27214.0,181.0,234488.0,317.0,100334.0,278.0,15448.0,164.0,2046235.0,593.0,359643.0,446.0,167405.0,370.0,1283220.0,651.0
136,1000,10,5,617.0,16.0,219.0,19.0,5050.0,48.0,2271.0,49.0,351.0,32.0,96340.0,126.0,6910.0,90.0,3169.0,79.0,42976.0,155.0,19723.0,142.0,2059.0,77.0,511530.0,300.0,64246.0,220.0,20179.0,179.0,224167.0,316.0,93861.0,278.0,12474.0,163.0,2124846.0,596.0,336353.0,443.0,167924.0,369.0,1306232.0,650.0
137,1000,10,inf,624.0,16.0,268.0,19.0,5121.0,48.0,1485.0,48.0,298.0,32.0,96840.0,126.0,7011.0,91.0,2846.0,79.0,39339.0,154.0,20855.0,142.0,2044.0,78.0,523250.0,301.0,57271.0,219.0,23723.0,179.0,233325.0,317.0,110739.0,280.0,13901.0,164.0,2086712.0,595.0,312110.0,441.0,156844.0,368.0,1299733.0,650.0
138,1000,15,1,635.0,16.0,284.0,19.0,5091.0,48.0,2030.0,48.0,366.0,32.0,96532.0,126.0,5934.0,90.0,2590.0,78.0,44119.0,156.0,21146.0,142.0,1718.0,77.0,514494.0,300.0,54127.0,218.0,20733.0,178.0,229561.0,318.0,98702.0,278.0,14752.0,165.0,2063990.0,594.0,369773.0,446.0,156023.0,366.0,1155273.0,644.0
139,1000,15,2,624.0,16.0,308.0,19.0,5028.0,48.0,1648.0,48.0,641.0,33.0,96589.0,126.0,6011.0,90.0,2992.0,79.0,40505.0,155.0,24817.0,144.0,2108.0,77.0,513479.0,300.0,56126.0,219.0,29651.0,183.0,232215.0,317.0,99256.0,278.0,14969.0,165.0,2041432.0,593.0,327292.0,442.0,153310.0,368.0,1194112.0,646.0
140,1000,15,3,621.0,16.0,247.0,19.0,4943.0,48.0,1785.0,48.0,400.0,32.0,96691.0,126.0,8858.0,92.0,3534.0,79.0,42203.0,155.0,20603.0,142.0,2416.0,78.0,526066.0,301.0,58904.0,219.0,24420.0,181.0,254474.0,319.0,90776.0,276.0,14020.0,164.0,2090267.0,595.0,360327.0,446.0,152487.0,368.0,1187273.0,645.0
141,1000,15,4,632.0,16.0,258.0,19.0,5085.0,48.0,1816.0,48.0,622.0,33.0,96426.0,126.0,6041.0,90.0,3519.0,79.0,39175.0,154.0,29023.0,145.0,2688.0,78.0,512348.0,300.0,49507.0,217.0,26930.0,180.0,241333.0,318.0,107380.0,279.0,12909.0,163.0,2074141.0,594.0,325348.0,442.0,172685.0,371.0,1262247.0,648.0
142,1000,15,5,627.0,16.0,272.0,19.0,4998.0,48.0,1696.0,48.0,266.0,32.0,96557.0,126.0,7556.0,91.0,2954.0,79.0,39754.0,154.0,29183.0,145.0,2393.0,78.0,512082.0,300.0,60497.0,219.0,24827.0,180.0,222794.0,316.0,92768.0,275.0,9830.0,162.0,2078235.0,594.0,295409.0,440.0,169759.0,370.0,1222228.0,646.0
143,1000,15,inf,623.0,16.0,274.0,19.0,5215.0,48.0,1849.0,48.0,362.0,32.0,96477.0,126.0,5653.0,90.0,2635.0,78.0,42049.0,155.0,20263.0,142.0,2147.0,78.0,512504.0,300.0,52597.0,218.0,24382.0,179.0,241443.0,318.0,97271.0,278.0,13775.0,164.0,2071507.0,594.0,328405.0,443.0,157444.0,368.0,1286824.0,649.0
